ISO-10303-21;
HEADER;
FILE_DESCRIPTION (( 'STEP AP214' ),
    '1' );
FILE_NAME ('PowerAdapterPCBHolder.STEP',
    '2026-03-21T00:40:51',
    ( '' ),
    ( '' ),
    'SwSTEP 2.0',
    'SolidWorks 2025',
    '' );
FILE_SCHEMA (( 'AUTOMOTIVE_DESIGN' ));
ENDSEC;

DATA;
#1 = ORIENTED_EDGE ( 'NONE', *, *, #1249, .T. ) ;
#2 = DIRECTION ( 'NONE',  ( 0.000000000000000000, 1.000000000000000000, 0.000000000000000000 ) ) ;
#3 = ORIENTED_EDGE ( 'NONE', *, *, #2177, .T. ) ;
#4 = FACE_OUTER_BOUND ( 'NONE', #436, .T. ) ;
#5 = CARTESIAN_POINT ( 'NONE',  ( -66.95004589892866420, 4.500000000000000000, 5.500000000000087930 ) ) ;
#6 = DIRECTION ( 'NONE',  ( 0.000000000000000000, 1.000000000000000000, 0.000000000000000000 ) ) ;
#7 = PLANE ( 'NONE',  #1816 ) ;
#8 = VECTOR ( 'NONE', #125, 1000.000000000000000 ) ;
#9 = FACE_BOUND ( 'NONE', #2198, .T. ) ;
#10 = CARTESIAN_POINT ( 'NONE',  ( 89.45004589892866420, 0.000000000000000000, 21.99999999999998579 ) ) ;
#11 = ORIENTED_EDGE ( 'NONE', *, *, #994, .T. ) ;
#12 = FACE_OUTER_BOUND ( 'NONE', #580, .T. ) ;
#13 = FACE_OUTER_BOUND ( 'NONE', #184, .T. ) ;
#14 = EDGE_LOOP ( 'NONE', ( #1557, #1941 ) ) ;
#15 = LINE ( 'NONE', #733, #395 ) ;
#16 = VECTOR ( 'NONE', #2108, 1000.000000000000000 ) ;
#17 = CARTESIAN_POINT ( 'NONE',  ( -74.45004589892870683, 4.500000000000000000, -14.00000000000001243 ) ) ;
#18 = VECTOR ( 'NONE', #1624, 1000.000000000000000 ) ;
#19 = DIRECTION ( 'NONE',  ( -0.000000000000000000, -1.000000000000000000, -0.000000000000000000 ) ) ;
#20 = FACE_BOUND ( 'NONE', #830, .T. ) ;
#21 = ORIENTED_EDGE ( 'NONE', *, *, #1863, .F. ) ;
#22 = CARTESIAN_POINT ( 'NONE',  ( 0.000000000000000000, 0.000000000000000000, 0.000000000000000000 ) ) ;
#23 = CARTESIAN_POINT ( 'NONE',  ( -74.45004589892869262, 4.500000000000000000, -2.500000000000002220 ) ) ;
#24 = ORIENTED_EDGE ( 'NONE', *, *, #1382, .T. ) ;
#25 = EDGE_LOOP ( 'NONE', ( #2293, #1637, #883, #1298, #570, #1324, #2274, #1325 ) ) ;
#26 = EDGE_CURVE ( 'NONE', #1063, #2040, #718, .T. ) ;
#27 = EDGE_CURVE ( 'NONE', #53, #448, #399, .T. ) ;
#28 = EDGE_CURVE ( 'NONE', #1582, #679, #2195, .T. ) ;
#29 = EDGE_LOOP ( 'NONE', ( #1568, #214 ) ) ;
#30 = CARTESIAN_POINT ( 'NONE',  ( -69.95004589892869262, 7.500000000000000000, 13.99999999999998401 ) ) ;
#31 = AXIS2_PLACEMENT_3D ( 'NONE', #1055, #1988, #1762 ) ;
#32 = CARTESIAN_POINT ( 'NONE',  ( -69.95004589892869262, 4.500000000000000000, 13.99999999999998401 ) ) ;
#33 = EDGE_CURVE ( 'NONE', #895, #2079, #1374, .T. ) ;
#34 = CIRCLE ( 'NONE', #1830, 2.099999999999990763 ) ;
#35 = CIRCLE ( 'NONE', #2323, 4.499999999999997335 ) ;
#36 = VECTOR ( 'NONE', #872, 1000.000000000000000 ) ;
#37 = ORIENTED_EDGE ( 'NONE', *, *, #2239, .F. ) ;
#38 = ORIENTED_EDGE ( 'NONE', *, *, #1367, .T. ) ;
#39 = EDGE_LOOP ( 'NONE', ( #626, #640, #1942, #1 ) ) ;
#40 = FACE_OUTER_BOUND ( 'NONE', #1379, .T. ) ;
#41 = CYLINDRICAL_SURFACE ( 'NONE', #205, 3.499999999999994227 ) ;
#42 = ORIENTED_EDGE ( 'NONE', *, *, #1338, .T. ) ;
#43 = VERTEX_POINT ( 'NONE', #871 ) ;
#44 = CYLINDRICAL_SURFACE ( 'NONE', #632, 2.099999999999990763 ) ;
#45 = DIRECTION ( 'NONE',  ( 0.000000000000000000, 0.000000000000000000, -1.000000000000000000 ) ) ;
#46 = EDGE_CURVE ( 'NONE', #2015, #405, #198, .T. ) ;
#47 = LINE ( 'NONE', #2005, #1076 ) ;
#48 = ORIENTED_EDGE ( 'NONE', *, *, #1602, .T. ) ;
#49 = ORIENTED_EDGE ( 'NONE', *, *, #2145, .F. ) ;
#50 = ORIENTED_EDGE ( 'NONE', *, *, #596, .T. ) ;
#51 = DIRECTION ( 'NONE',  ( 0.000000000000000000, 0.000000000000000000, -1.000000000000000000 ) ) ;
#52 = AXIS2_PLACEMENT_3D ( 'NONE', #962, #88, #118 ) ;
#53 = VERTEX_POINT ( 'NONE', #378 ) ;
#54 = DIRECTION ( 'NONE',  ( -0.000000000000000000, -0.000000000000000000, 1.000000000000000000 ) ) ;
#55 = CIRCLE ( 'NONE', #1662, 3.000000000000002665 ) ;
#56 = CARTESIAN_POINT ( 'NONE',  ( -89.95004589892869262, 4.500000000000000000, 13.99999999999998401 ) ) ;
#57 = AXIS2_PLACEMENT_3D ( 'NONE', #1225, #1408, #539 ) ;
#58 = PLANE ( 'NONE',  #2193 ) ;
#59 = AXIS2_PLACEMENT_3D ( 'NONE', #1534, #1518, #643 ) ;
#60 = EDGE_CURVE ( 'NONE', #1743, #271, #1231, .T. ) ;
#61 = ADVANCED_FACE ( 'NONE', ( #1430 ), #1964, .F. ) ;
#62 = EDGE_CURVE ( 'NONE', #679, #566, #731, .T. ) ;
#63 = ORIENTED_EDGE ( 'NONE', *, *, #2092, .T. ) ;
#64 = DIRECTION ( 'NONE',  ( -0.000000000000000000, -1.000000000000000000, -0.000000000000000000 ) ) ;
#65 = ORIENTED_EDGE ( 'NONE', *, *, #2114, .F. ) ;
#66 = ORIENTED_EDGE ( 'NONE', *, *, #680, .T. ) ;
#67 = AXIS2_PLACEMENT_3D ( 'NONE', #1280, #1258, #389 ) ;
#68 = ADVANCED_FACE ( 'NONE', ( #12 ), #1442, .T. ) ;
#69 = VERTEX_POINT ( 'NONE', #2149 ) ;
#70 = ORIENTED_EDGE ( 'NONE', *, *, #425, .T. ) ;
#71 = CARTESIAN_POINT ( 'NONE',  ( -82.45004589892869262, 0.000000000000000000, 2.500000000000085265 ) ) ;
#72 = CARTESIAN_POINT ( 'NONE',  ( 89.45004589892866420, 4.500000000000000000, -18.50000000000001066 ) ) ;
#73 = CARTESIAN_POINT ( 'NONE',  ( -66.95004589892869262, 4.500000000000000000, 8.500000000000090594 ) ) ;
#74 = AXIS2_PLACEMENT_3D ( 'NONE', #1627, #1443, #186 ) ;
#75 = VERTEX_POINT ( 'NONE', #362 ) ;
#76 = EDGE_CURVE ( 'NONE', #431, #1474, #1665, .T. ) ;
#77 = DIRECTION ( 'NONE',  ( -0.000000000000000000, -1.000000000000000000, -0.000000000000000000 ) ) ;
#78 = ORIENTED_EDGE ( 'NONE', *, *, #2153, .F. ) ;
#79 = VERTEX_POINT ( 'NONE', #1581 ) ;
#80 = CARTESIAN_POINT ( 'NONE',  ( 89.45004589892866420, 0.000000000000000000, -15.00000000000001421 ) ) ;
#81 = DIRECTION ( 'NONE',  ( 0.000000000000000000, 1.000000000000000000, 0.000000000000000000 ) ) ;
#82 = ORIENTED_EDGE ( 'NONE', *, *, #2156, .F. ) ;
#83 = DIRECTION ( 'NONE',  ( -0.000000000000000000, -1.000000000000000000, -0.000000000000000000 ) ) ;
#84 = ORIENTED_EDGE ( 'NONE', *, *, #1569, .T. ) ;
#85 = DIRECTION ( 'NONE',  ( 0.000000000000000000, 1.000000000000000000, -0.000000000000000000 ) ) ;
#86 = FACE_OUTER_BOUND ( 'NONE', #804, .T. ) ;
#87 = EDGE_LOOP ( 'NONE', ( #115, #1528, #1311, #829 ) ) ;
#88 = DIRECTION ( 'NONE',  ( 0.000000000000000000, -0.000000000000000000, 1.000000000000000000 ) ) ;
#89 = EDGE_LOOP ( 'NONE', ( #1342, #2284, #1104, #66 ) ) ;
#90 = AXIS2_PLACEMENT_3D ( 'NONE', #1760, #1526, #323 ) ;
#91 = ORIENTED_EDGE ( 'NONE', *, *, #1434, .F. ) ;
#92 = EDGE_CURVE ( 'NONE', #281, #2072, #1052, .T. ) ;
#93 = EDGE_CURVE ( 'NONE', #1262, #218, #295, .T. ) ;
#94 = FACE_OUTER_BOUND ( 'NONE', #101, .T. ) ;
#95 = ORIENTED_EDGE ( 'NONE', *, *, #2098, .F. ) ;
#96 = ORIENTED_EDGE ( 'NONE', *, *, #2275, .F. ) ;
#97 = DIRECTION ( 'NONE',  ( 0.000000000000000000, 0.000000000000000000, -1.000000000000000000 ) ) ;
#98 = CARTESIAN_POINT ( 'NONE',  ( -89.95004589892869262, 4.500000000000000000, 9.499999999999980460 ) ) ;
#99 = AXIS2_PLACEMENT_3D ( 'NONE', #762, #587, #404 ) ;
#100 = CARTESIAN_POINT ( 'NONE',  ( -1.549954101071331136, 4.500000000000000000, -8.500000000000021316 ) ) ;
#101 = EDGE_LOOP ( 'NONE', ( #1996, #1998 ) ) ;
#102 = LINE ( 'NONE', #2090, #1588 ) ;
#103 = ORIENTED_EDGE ( 'NONE', *, *, #1629, .T. ) ;
#104 = AXIS2_PLACEMENT_3D ( 'NONE', #694, #1253, #334 ) ;
#105 = CARTESIAN_POINT ( 'NONE',  ( 89.45004589892866420, 4.500000000000000000, -15.00000000000001421 ) ) ;
#106 = ORIENTED_EDGE ( 'NONE', *, *, #425, .F. ) ;
#107 = FACE_OUTER_BOUND ( 'NONE', #785, .T. ) ;
#108 = LINE ( 'NONE', #148, #607 ) ;
#109 = VERTEX_POINT ( 'NONE', #185 ) ;
#110 = CARTESIAN_POINT ( 'NONE',  ( -89.95004589892869262, 0.000000000000000000, 9.499999999999980460 ) ) ;
#111 = ADVANCED_FACE ( 'NONE', ( #2305 ), #1976, .T. ) ;
#112 = CARTESIAN_POINT ( 'NONE',  ( -89.95004589892869262, 7.500000000000000000, -14.00000000000001243 ) ) ;
#113 = CARTESIAN_POINT ( 'NONE',  ( -69.95004589892869262, 4.500000000000000000, -9.500000000000015987 ) ) ;
#114 = ORIENTED_EDGE ( 'NONE', *, *, #1621, .F. ) ;
#115 = ORIENTED_EDGE ( 'NONE', *, *, #449, .T. ) ;
#116 = ADVANCED_FACE ( 'NONE', ( #1034 ), #1758, .F. ) ;
#117 = AXIS2_PLACEMENT_3D ( 'NONE', #237, #1466, #420 ) ;
#118 = DIRECTION ( 'NONE',  ( 1.000000000000000000, 0.000000000000000000, -0.000000000000000000 ) ) ;
#119 = VERTEX_POINT ( 'NONE', #549 ) ;
#120 = AXIS2_PLACEMENT_3D ( 'NONE', #316, #1424, #1713 ) ;
#121 = CIRCLE ( 'NONE', #1346, 3.499999999999994227 ) ;
#122 = EDGE_CURVE ( 'NONE', #474, #1908, #250, .T. ) ;
#123 = CIRCLE ( 'NONE', #2290, 2.100000000000002753 ) ;
#124 = CARTESIAN_POINT ( 'NONE',  ( -89.95004589892869262, 7.500000000000000000, 13.99999999999998401 ) ) ;
#125 = DIRECTION ( 'NONE',  ( 1.000000000000000000, 0.000000000000000000, 0.000000000000000000 ) ) ;
#126 = ORIENTED_EDGE ( 'NONE', *, *, #2275, .T. ) ;
#127 = DIRECTION ( 'NONE',  ( 0.000000000000000000, 0.000000000000000000, -1.000000000000000000 ) ) ;
#128 = DIRECTION ( 'NONE',  ( 0.000000000000000000, 0.000000000000000000, -1.000000000000000000 ) ) ;
#129 = EDGE_CURVE ( 'NONE', #2270, #1118, #181, .T. ) ;
#130 = LINE ( 'NONE', #2256, #1897 ) ;
#131 = VERTEX_POINT ( 'NONE', #1210 ) ;
#132 = DIRECTION ( 'NONE',  ( -1.000000000000000000, -0.000000000000000000, -0.000000000000000000 ) ) ;
#133 = ORIENTED_EDGE ( 'NONE', *, *, #373, .T. ) ;
#134 = CARTESIAN_POINT ( 'NONE',  ( -69.95004589892869262, 4.500000000000000000, -8.500000000000033751 ) ) ;
#135 = PRODUCT_DEFINITION_FORMATION_WITH_SPECIFIED_SOURCE ( 'ANY', '', #1601, .NOT_KNOWN. ) ;
#136 = DIRECTION ( 'NONE',  ( 0.000000000000000000, 0.000000000000000000, -1.000000000000000000 ) ) ;
#137 = CARTESIAN_POINT ( 'NONE',  ( -85.45004589892869262, 4.500000000000000000, 13.99999999999998401 ) ) ;
#138 = EDGE_LOOP ( 'NONE', ( #377, #2304, #1847, #21 ) ) ;
#139 = DIRECTION ( 'NONE',  ( -0.000000000000000000, -1.000000000000000000, -0.000000000000000000 ) ) ;
#140 = AXIS2_PLACEMENT_3D ( 'NONE', #1810, #2152, #1630 ) ;
#141 = EDGE_CURVE ( 'NONE', #2200, #1539, #1989, .T. ) ;
#142 = CARTESIAN_POINT ( 'NONE',  ( 6.450045898928669530, 4.500000000000000000, -18.50000000000001066 ) ) ;
#143 = DIRECTION ( 'NONE',  ( 0.000000000000000000, 0.000000000000000000, 1.000000000000000000 ) ) ;
#144 = ORIENTED_EDGE ( 'NONE', *, *, #371, .F. ) ;
#145 = ORIENTED_EDGE ( 'NONE', *, *, #2034, .F. ) ;
#146 = AXIS2_PLACEMENT_3D ( 'NONE', #1272, #2160, #1090 ) ;
#147 = VECTOR ( 'NONE', #429, 1000.000000000000000 ) ;
#148 = CARTESIAN_POINT ( 'NONE',  ( -69.95004589892869262, 4.500000000000000000, -16.10000000000001563 ) ) ;
#149 = DIRECTION ( 'NONE',  ( 0.000000000000000000, 0.000000000000000000, -1.000000000000000000 ) ) ;
#150 = CARTESIAN_POINT ( 'NONE',  ( 79.31557716302469885, 0.000000000000000000, 8.500000000000104805 ) ) ;
#151 = VERTEX_POINT ( 'NONE', #910 ) ;
#152 = DIRECTION ( 'NONE',  ( 0.000000000000000000, 1.000000000000000000, 0.000000000000000000 ) ) ;
#153 = ORIENTED_EDGE ( 'NONE', *, *, #629, .T. ) ;
#154 = CARTESIAN_POINT ( 'NONE',  ( -66.95004589892866420, 4.500000000000000000, -5.500000000000018652 ) ) ;
#155 = EDGE_CURVE ( 'NONE', #1094, #1590, #543, .T. ) ;
#156 = CARTESIAN_POINT ( 'NONE',  ( 84.45004589892862157, 0.000000000000000000, -18.50000000000001066 ) ) ;
#157 = CIRCLE ( 'NONE', #1565, 4.499999999999997335 ) ;
#158 = AXIS2_PLACEMENT_3D ( 'NONE', #1162, #1691, #2263 ) ;
#159 = CARTESIAN_POINT ( 'NONE',  ( 1.450045898928671528, 4.500000000000000000, -18.50000000000001066 ) ) ;
#160 = CIRCLE ( 'NONE', #193, 5.000000000000000888 ) ;
#161 = LINE ( 'NONE', #856, #1766 ) ;
#162 = DIRECTION ( 'NONE',  ( -0.000000000000000000, -1.000000000000000000, -0.000000000000000000 ) ) ;
#163 = LINE ( 'NONE', #1239, #16 ) ;
#164 = ORIENTED_EDGE ( 'NONE', *, *, #1047, .F. ) ;
#165 = ORIENTED_EDGE ( 'NONE', *, *, #1736, .T. ) ;
#166 = VERTEX_POINT ( 'NONE', #1598 ) ;
#167 = EDGE_CURVE ( 'NONE', #1539, #741, #903, .T. ) ;
#168 = CARTESIAN_POINT ( 'NONE',  ( 84.45004589892862157, 4.500000000000000000, 18.49999999999998934 ) ) ;
#169 = DIRECTION ( 'NONE',  ( -1.000000000000000000, 0.000000000000000000, -0.000000000000000000 ) ) ;
#170 = EDGE_CURVE ( 'NONE', #1504, #1677, #1464, .T. ) ;
#171 = DIRECTION ( 'NONE',  ( 0.000000000000000000, 0.000000000000000000, 1.000000000000000000 ) ) ;
#172 = ADVANCED_FACE ( 'NONE', ( #738 ), #7, .F. ) ;
#173 = AXIS2_PLACEMENT_3D ( 'NONE', #2080, #473, #310 ) ;
#174 = DIRECTION ( 'NONE',  ( 0.000000000000000000, 1.000000000000000000, 0.000000000000000000 ) ) ;
#175 = CARTESIAN_POINT ( 'NONE',  ( -89.95004589892869262, 4.500000000000000000, 9.499999999999980460 ) ) ;
#176 = AXIS2_PLACEMENT_3D ( 'NONE', #1140, #1497, #1307 ) ;
#177 = ORIENTED_EDGE ( 'NONE', *, *, #76, .T. ) ;
#178 = CARTESIAN_POINT ( 'NONE',  ( 6.450045898928669530, 4.500000000000000000, 5.500000000000087930 ) ) ;
#179 = DIRECTION ( 'NONE',  ( 0.000000000000000000, 0.000000000000000000, 1.000000000000000000 ) ) ;
#180 = CIRCLE ( 'NONE', #253, 5.000000000000024869 ) ;
#181 = LINE ( 'NONE', #670, #1477 ) ;
#182 = LINE ( 'NONE', #1081, #2014 ) ;
#183 = CARTESIAN_POINT ( 'NONE',  ( 84.45004589892862157, 4.500000000000000000, -18.50000000000001066 ) ) ;
#184 = EDGE_LOOP ( 'NONE', ( #505, #2296, #805, #231 ) ) ;
#185 = CARTESIAN_POINT ( 'NONE',  ( 79.31557716302469885, 4.500000000000000000, -8.500000000000035527 ) ) ;
#186 = DIRECTION ( 'NONE',  ( 0.000000000000000000, 0.000000000000000000, 1.000000000000000000 ) ) ;
#187 = ADVANCED_FACE ( 'NONE', ( #562 ), #410, .T. ) ;
#188 = ORIENTED_EDGE ( 'NONE', *, *, #1690, .F. ) ;
#189 = ADVANCED_FACE ( 'NONE', ( #913 ), #224, .T. ) ;
#190 = CARTESIAN_POINT ( 'NONE',  ( 1.450045898928671528, 0.000000000000000000, 18.49999999999998934 ) ) ;
#191 = DIRECTION ( 'NONE',  ( 0.000000000000000000, 0.000000000000000000, -1.000000000000000000 ) ) ;
#192 = CARTESIAN_POINT ( 'NONE',  ( 1.450045898928671528, 4.500000000000000000, -18.50000000000001066 ) ) ;
#193 = AXIS2_PLACEMENT_3D ( 'NONE', #190, #510, #1609 ) ;
#194 = CIRCLE ( 'NONE', #488, 4.499999999999997335 ) ;
#195 = CYLINDRICAL_SURFACE ( 'NONE', #1219, 2.100000000000004530 ) ;
#196 = ADVANCED_FACE ( 'NONE', ( #1113 ), #756, .F. ) ;
#197 = EDGE_LOOP ( 'NONE', ( #1128, #941, #730, #631 ) ) ;
#198 = LINE ( 'NONE', #2137, #1752 ) ;
#199 = DIRECTION ( 'NONE',  ( 0.000000000000000000, 0.000000000000000000, 1.000000000000000000 ) ) ;
#200 = EDGE_LOOP ( 'NONE', ( #49, #1407, #1770, #2185 ) ) ;
#201 = CARTESIAN_POINT ( 'NONE',  ( -89.95004589892869262, 4.500000000000000000, 9.499999999999987566 ) ) ;
#202 = CARTESIAN_POINT ( 'NONE',  ( -89.95004589892869262, 4.500000000000000000, -14.00000000000001243 ) ) ;
#203 = CARTESIAN_POINT ( 'NONE',  ( -69.95004589892869262, 0.000000000000000000, 18.49999999999998224 ) ) ;
#204 = LINE ( 'NONE', #1744, #306 ) ;
#205 = AXIS2_PLACEMENT_3D ( 'NONE', #1109, #1147, #934 ) ;
#206 = EDGE_LOOP ( 'NONE', ( #811, #2212, #997, #944 ) ) ;
#207 = DIRECTION ( 'NONE',  ( 1.000000000000000000, 0.000000000000000000, 0.000000000000000000 ) ) ;
#208 = ORIENTED_EDGE ( 'NONE', *, *, #1018, .F. ) ;
#209 = VECTOR ( 'NONE', #996, 1000.000000000000000 ) ;
#210 = CARTESIAN_POINT ( 'NONE',  ( -89.95004589892869262, 7.500000000000000000, -9.500000000000023093 ) ) ;
#211 = CARTESIAN_POINT ( 'NONE',  ( 9.450045898928671306, 4.500000000000000000, 5.500000000000102141 ) ) ;
#212 = EDGE_CURVE ( 'NONE', #2215, #963, #1895, .T. ) ;
#213 = FACE_OUTER_BOUND ( 'NONE', #1455, .T. ) ;
#214 = ORIENTED_EDGE ( 'NONE', *, *, #2257, .F. ) ;
#215 = CARTESIAN_POINT ( 'NONE',  ( -69.95004589892869262, 4.500000000000000000, 8.500000000000104805 ) ) ;
#216 = EDGE_LOOP ( 'NONE', ( #1159, #1851, #743, #760 ) ) ;
#217 = FACE_OUTER_BOUND ( 'NONE', #637, .T. ) ;
#218 = VERTEX_POINT ( 'NONE', #241 ) ;
#219 = CARTESIAN_POINT ( 'NONE',  ( -89.95004589892869262, 4.500000000000000000, 9.499999999999980460 ) ) ;
#220 = DIRECTION ( 'NONE',  ( 0.000000000000000000, 1.000000000000000000, 0.000000000000000000 ) ) ;
#221 = ADVANCED_FACE ( 'NONE', ( #319 ), #673, .F. ) ;
#222 = VERTEX_POINT ( 'NONE', #2093 ) ;
#223 = CARTESIAN_POINT ( 'NONE',  ( 89.45004589892866420, 4.500000000000000000, 21.99999999999998224 ) ) ;
#224 = CYLINDRICAL_SURFACE ( 'NONE', #427, 4.499999999999997335 ) ;
#225 = DIRECTION ( 'NONE',  ( 0.000000000000000000, 0.000000000000000000, -1.000000000000000000 ) ) ;
#226 = AXIS2_PLACEMENT_3D ( 'NONE', #751, #261, #400 ) ;
#227 = CIRCLE ( 'NONE', #2056, 3.499999999999999556 ) ;
#228 = CIRCLE ( 'NONE', #2057, 4.499999999999990230 ) ;
#229 = FACE_BOUND ( 'NONE', #669, .T. ) ;
#230 = ORIENTED_EDGE ( 'NONE', *, *, #1338, .F. ) ;
#231 = ORIENTED_EDGE ( 'NONE', *, *, #235, .T. ) ;
#232 = LINE ( 'NONE', #1645, #1831 ) ;
#233 = CARTESIAN_POINT ( 'NONE',  ( 82.31557716302472727, 4.500000000000000000, -5.500000000000019540 ) ) ;
#234 = ORIENTED_EDGE ( 'NONE', *, *, #1993, .F. ) ;
#235 = EDGE_CURVE ( 'NONE', #1063, #1743, #974, .T. ) ;
#236 = CARTESIAN_POINT ( 'NONE',  ( -66.95004589892869262, 4.500000000000000000, -8.500000000000021316 ) ) ;
#237 = CARTESIAN_POINT ( 'NONE',  ( -89.95004589892869262, 7.500000000000000000, 13.99999999999998401 ) ) ;
#238 = VERTEX_POINT ( 'NONE', #142 ) ;
#239 = VERTEX_POINT ( 'NONE', #646 ) ;
#240 = EDGE_CURVE ( 'NONE', #732, #238, #2107, .T. ) ;
#241 = CARTESIAN_POINT ( 'NONE',  ( -69.95004589892869262, 7.500000000000000000, 9.499999999999994671 ) ) ;
#242 = DIRECTION ( 'NONE',  ( 0.000000000000000000, 0.000000000000000000, -1.000000000000000000 ) ) ;
#243 = VERTEX_POINT ( 'NONE', #2272 ) ;
#244 = ORIENTED_EDGE ( 'NONE', *, *, #1301, .F. ) ;
#245 = FACE_OUTER_BOUND ( 'NONE', #2236, .T. ) ;
#246 = CIRCLE ( 'NONE', #611, 2.100000000000004530 ) ;
#247 = VECTOR ( 'NONE', #139, 1000.000000000000000 ) ;
#248 = ADVANCED_FACE ( 'NONE', ( #495 ), #620, .F. ) ;
#249 = CARTESIAN_POINT ( 'NONE',  ( 89.45004589892866420, 0.000000000000000000, -13.49999999999999112 ) ) ;
#250 = CIRCLE ( 'NONE', #2037, 4.499999999999990230 ) ;
#251 = DIRECTION ( 'NONE',  ( 0.000000000000000000, 1.000000000000000000, 0.000000000000000000 ) ) ;
#252 = LINE ( 'NONE', #430, #1370 ) ;
#253 = AXIS2_PLACEMENT_3D ( 'NONE', #1103, #929, #740 ) ;
#254 = EDGE_LOOP ( 'NONE', ( #1521, #1676 ) ) ;
#255 = FACE_BOUND ( 'NONE', #1750, .T. ) ;
#256 = EDGE_LOOP ( 'NONE', ( #394, #1731 ) ) ;
#257 = DIRECTION ( 'NONE',  ( -0.000000000000000000, -1.000000000000000000, -0.000000000000000000 ) ) ;
#258 = CARTESIAN_POINT ( 'NONE',  ( 89.45004589892866420, 4.500000000000000000, -23.50000000000003553 ) ) ;
#259 = EDGE_CURVE ( 'NONE', #1821, #2069, #838, .T. ) ;
#260 = ORIENTED_EDGE ( 'NONE', *, *, #1820, .T. ) ;
#261 = DIRECTION ( 'NONE',  ( 0.000000000000000000, 1.000000000000000000, 0.000000000000000000 ) ) ;
#262 = CARTESIAN_POINT ( 'NONE',  ( -74.45004589892869262, 0.000000000000000000, -2.500000000000002220 ) ) ;
#263 = ORIENTED_EDGE ( 'NONE', *, *, #2034, .T. ) ;
#264 =( LENGTH_UNIT ( ) NAMED_UNIT ( * ) SI_UNIT ( .MILLI., .METRE. ) );
#265 = AXIS2_PLACEMENT_3D ( 'NONE', #1696, #1485, #585 ) ;
#266 = EDGE_CURVE ( 'NONE', #1094, #1608, #1389, .T. ) ;
#267 = CIRCLE ( 'NONE', #1643, 3.000000000000002665 ) ;
#268 = EDGE_LOOP ( 'NONE', ( #1734, #96, #1315, #2218 ) ) ;
#269 = CARTESIAN_POINT ( 'NONE',  ( -89.95004589892869262, 4.500000000000000000, -18.50000000000001066 ) ) ;
#270 = ORIENTED_EDGE ( 'NONE', *, *, #845, .F. ) ;
#271 = VERTEX_POINT ( 'NONE', #1921 ) ;
#272 = DIRECTION ( 'NONE',  ( 0.000000000000000000, 0.000000000000000000, 1.000000000000000000 ) ) ;
#273 = DIRECTION ( 'NONE',  ( 0.000000000000000000, 1.000000000000000000, 0.000000000000000000 ) ) ;
#274 = VERTEX_POINT ( 'NONE', #1879 ) ;
#275 = ORIENTED_EDGE ( 'NONE', *, *, #2009, .F. ) ;
#276 = CARTESIAN_POINT ( 'NONE',  ( 6.450045898928669530, 4.500000000000000000, -5.500000000000018652 ) ) ;
#277 = EDGE_CURVE ( 'NONE', #1514, #1343, #1354, .T. ) ;
#278 = CARTESIAN_POINT ( 'NONE',  ( 1.450045898928671528, 4.500000000000000000, 13.49999999999998401 ) ) ;
#279 = VERTEX_POINT ( 'NONE', #635 ) ;
#280 = CARTESIAN_POINT ( 'NONE',  ( -89.95004589892869262, 7.500000000000000000, -18.50000000000000355 ) ) ;
#281 = VERTEX_POINT ( 'NONE', #1172 ) ;
#282 = ORIENTED_EDGE ( 'NONE', *, *, #1900, .T. ) ;
#283 = CARTESIAN_POINT ( 'NONE',  ( -89.95004589892869262, 0.000000000000000000, 13.99999999999998401 ) ) ;
#284 = CARTESIAN_POINT ( 'NONE',  ( 9.450045898928671306, 4.500000000000000000, -8.500000000000035527 ) ) ;
#285 = ORIENTED_EDGE ( 'NONE', *, *, #2281, .T. ) ;
#286 = CARTESIAN_POINT ( 'NONE',  ( 9.450045898928671306, 4.500000000000000000, 5.500000000000102141 ) ) ;
#287 = LINE ( 'NONE', #1024, #1087 ) ;
#288 = VERTEX_POINT ( 'NONE', #1717 ) ;
#289 = ORIENTED_EDGE ( 'NONE', *, *, #835, .T. ) ;
#290 = LINE ( 'NONE', #305, #1197 ) ;
#291 = AXIS2_PLACEMENT_3D ( 'NONE', #691, #1406, #574 ) ;
#292 = CYLINDRICAL_SURFACE ( 'NONE', #342, 3.000000000000002665 ) ;
#293 = DIRECTION ( 'NONE',  ( 0.000000000000000000, 0.000000000000000000, 1.000000000000000000 ) ) ;
#294 = CARTESIAN_POINT ( 'NONE',  ( 9.450045898928692623, 4.500000000000000000, -8.500000000000035527 ) ) ;
#295 = CIRCLE ( 'NONE', #57, 4.499999999999990230 ) ;
#296 = VECTOR ( 'NONE', #1169, 1000.000000000000000 ) ;
#297 = CARTESIAN_POINT ( 'NONE',  ( -89.95004589892869262, 4.500000000000000000, 13.99999999999998401 ) ) ;
#298 = DIRECTION ( 'NONE',  ( -0.000000000000000000, -1.000000000000000000, -0.000000000000000000 ) ) ;
#299 = VERTEX_POINT ( 'NONE', #1974 ) ;
#300 = DIRECTION ( 'NONE',  ( 0.000000000000000000, 0.000000000000000000, -1.000000000000000000 ) ) ;
#301 = CYLINDRICAL_SURFACE ( 'NONE', #390, 4.499999999999997335 ) ;
#302 = EDGE_CURVE ( 'NONE', #1837, #415, #1031, .T. ) ;
#303 = CIRCLE ( 'NONE', #1904, 4.500000000000003553 ) ;
#304 = VERTEX_POINT ( 'NONE', #1395 ) ;
#305 = CARTESIAN_POINT ( 'NONE',  ( -69.95004589892869262, 4.500000000000000000, 8.500000000000104805 ) ) ;
#306 = VECTOR ( 'NONE', #2171, 1000.000000000000000 ) ;
#307 = DIRECTION ( 'NONE',  ( 0.000000000000000000, 0.000000000000000000, 1.000000000000000000 ) ) ;
#308 = LINE ( 'NONE', #482, #2161 ) ;
#309 = VERTEX_POINT ( 'NONE', #10 ) ;
#310 = DIRECTION ( 'NONE',  ( 0.000000000000000000, -0.000000000000000000, 1.000000000000000000 ) ) ;
#311 = AXIS2_PLACEMENT_3D ( 'NONE', #534, #368, #1243 ) ;
#312 = AXIS2_PLACEMENT_3D ( 'NONE', #1339, #2058, #665 ) ;
#313 = DIRECTION ( 'NONE',  ( -1.000000000000000000, 0.000000000000000000, -0.000000000000000000 ) ) ;
#314 = DIRECTION ( 'NONE',  ( -0.000000000000000000, -1.000000000000000000, -0.000000000000000000 ) ) ;
#315 = CYLINDRICAL_SURFACE ( 'NONE', #1006, 2.100000000000004530 ) ;
#316 = CARTESIAN_POINT ( 'NONE',  ( -82.45004589892869262, 4.500000000000000000, -2.500000000000015987 ) ) ;
#317 = ORIENTED_EDGE ( 'NONE', *, *, #479, .F. ) ;
#318 = LINE ( 'NONE', #1813, #2146 ) ;
#319 = FACE_OUTER_BOUND ( 'NONE', #2190, .T. ) ;
#320 = DIRECTION ( 'NONE',  ( 0.000000000000000000, 1.000000000000000000, 0.000000000000000000 ) ) ;
#321 = VERTEX_POINT ( 'NONE', #868 ) ;
#322 = VECTOR ( 'NONE', #824, 1000.000000000000000 ) ;
#323 = DIRECTION ( 'NONE',  ( 0.000000000000000000, 0.000000000000000000, -1.000000000000000000 ) ) ;
#324 = CARTESIAN_POINT ( 'NONE',  ( -89.95004589892869262, 4.500000000000000000, 13.99999999999998401 ) ) ;
#325 = FACE_OUTER_BOUND ( 'NONE', #206, .T. ) ;
#326 = CARTESIAN_POINT ( 'NONE',  ( -89.95004589892869262, 7.500000000000000000, -14.00000000000001243 ) ) ;
#327 = CARTESIAN_POINT ( 'NONE',  ( -74.45004589892870683, 4.500000000000000000, -14.00000000000001243 ) ) ;
#328 = ORIENTED_EDGE ( 'NONE', *, *, #2024, .T. ) ;
#329 = VECTOR ( 'NONE', #1560, 1000.000000000000000 ) ;
#330 = DIRECTION ( 'NONE',  ( 0.000000000000000000, 1.000000000000000000, 0.000000000000000000 ) ) ;
#331 = ADVANCED_FACE ( 'NONE', ( #2295 ), #716, .F. ) ;
#332 = ADVANCED_FACE ( 'NONE', ( #527 ), #2302, .T. ) ;
#333 = ORIENTED_EDGE ( 'NONE', *, *, #1486, .F. ) ;
#334 = DIRECTION ( 'NONE',  ( 0.000000000000000000, 0.000000000000000000, -1.000000000000000000 ) ) ;
#335 = AXIS2_PLACEMENT_3D ( 'NONE', #882, #1604, #1613 ) ;
#336 = DIRECTION ( 'NONE',  ( 0.000000000000000000, 0.000000000000000000, 1.000000000000000000 ) ) ;
#337 = CARTESIAN_POINT ( 'NONE',  ( 1.450045898928671528, 0.000000000000000000, 8.500000000000104805 ) ) ;
#338 = LINE ( 'NONE', #1248, #469 ) ;
#339 = ORIENTED_EDGE ( 'NONE', *, *, #921, .T. ) ;
#340 = DIRECTION ( 'NONE',  ( 0.000000000000000000, 0.000000000000000000, -1.000000000000000000 ) ) ;
#341 = ORIENTED_EDGE ( 'NONE', *, *, #1234, .F. ) ;
#342 = AXIS2_PLACEMENT_3D ( 'NONE', #1182, #2268, #2316 ) ;
#343 = VECTOR ( 'NONE', #409, 1000.000000000000000 ) ;
#344 = CARTESIAN_POINT ( 'NONE',  ( -74.45004589892869262, 4.500000000000000000, -2.500000000000002220 ) ) ;
#345 = CARTESIAN_POINT ( 'NONE',  ( -74.45004589892869262, 4.500000000000000000, 13.99999999999998401 ) ) ;
#346 = EDGE_CURVE ( 'NONE', #1137, #566, #2230, .T. ) ;
#347 = CARTESIAN_POINT ( 'NONE',  ( 9.450045898928671306, 4.500000000000000000, -5.500000000000032863 ) ) ;
#348 = DIRECTION ( 'NONE',  ( 0.000000000000000000, 0.000000000000000000, 1.000000000000000000 ) ) ;
#349 = CARTESIAN_POINT ( 'NONE',  ( -89.95004589892869262, 4.500000000000000000, 18.49999999999998224 ) ) ;
#350 = ORIENTED_EDGE ( 'NONE', *, *, #1285, .F. ) ;
#351 = EDGE_CURVE ( 'NONE', #2249, #2200, #873, .T. ) ;
#352 = EDGE_CURVE ( 'NONE', #239, #1343, #552, .T. ) ;
#353 = DIRECTION ( 'NONE',  ( 0.000000000000000000, 0.000000000000000000, 1.000000000000000000 ) ) ;
#354 = CARTESIAN_POINT ( 'NONE',  ( -69.95004589892869262, 4.500000000000000000, 16.09999999999999076 ) ) ;
#355 = CARTESIAN_POINT ( 'NONE',  ( -89.95004589892869262, 0.000000000000000000, 9.499999999999980460 ) ) ;
#356 = EDGE_CURVE ( 'NONE', #1472, #1358, #1135, .T. ) ;
#357 = FACE_BOUND ( 'NONE', #1789, .T. ) ;
#358 = DIRECTION ( 'NONE',  ( -0.000000000000000000, -1.000000000000000000, -0.000000000000000000 ) ) ;
#359 = VECTOR ( 'NONE', #1160, 1000.000000000000000 ) ;
#360 = CARTESIAN_POINT ( 'NONE',  ( 6.450045898928669530, 0.000000000000000000, 5.500000000000087930 ) ) ;
#361 = ORIENTED_EDGE ( 'NONE', *, *, #122, .T. ) ;
#362 = CARTESIAN_POINT ( 'NONE',  ( -89.95004589892869262, 4.500000000000000000, -9.500000000000023093 ) ) ;
#363 = LINE ( 'NONE', #349, #2204 ) ;
#364 = CIRCLE ( 'NONE', #980, 5.000000000000000888 ) ;
#365 = ORIENTED_EDGE ( 'NONE', *, *, #1017, .F. ) ;
#366 = DIRECTION ( 'NONE',  ( 0.000000000000000000, 0.000000000000000000, 1.000000000000000000 ) ) ;
#367 = AXIS2_PLACEMENT_3D ( 'NONE', #683, #1421, #340 ) ;
#368 = DIRECTION ( 'NONE',  ( 0.000000000000000000, 1.000000000000000000, 0.000000000000000000 ) ) ;
#369 = DIRECTION ( 'NONE',  ( 0.000000000000000000, 0.000000000000000000, -1.000000000000000000 ) ) ;
#370 = VECTOR ( 'NONE', #536, 1000.000000000000000 ) ;
#371 = EDGE_CURVE ( 'NONE', #556, #43, #1938, .T. ) ;
#372 = DIRECTION ( 'NONE',  ( -0.000000000000000000, -1.000000000000000000, -0.000000000000000000 ) ) ;
#373 = EDGE_CURVE ( 'NONE', #2117, #763, #1238, .T. ) ;
#374 = CARTESIAN_POINT ( 'NONE',  ( -77.45004589892870683, 0.000000000000000000, -5.500000000000018652 ) ) ;
#375 = FACE_BOUND ( 'NONE', #717, .T. ) ;
#376 = CARTESIAN_POINT ( 'NONE',  ( 79.31557716302469885, 4.500000000000000000, 8.500000000000104805 ) ) ;
#377 = ORIENTED_EDGE ( 'NONE', *, *, #1069, .F. ) ;
#378 = CARTESIAN_POINT ( 'NONE',  ( -69.95004589892869262, 0.000000000000000000, 11.89999999999998082 ) ) ;
#379 = LINE ( 'NONE', #1454, #888 ) ;
#380 = VERTEX_POINT ( 'NONE', #2311 ) ;
#381 = CARTESIAN_POINT ( 'NONE',  ( 79.31557716302472727, 4.500000000000000000, 5.500000000000102141 ) ) ;
#382 = AXIS2_PLACEMENT_3D ( 'NONE', #112, #1375, #2064 ) ;
#383 = DIRECTION ( 'NONE',  ( 0.000000000000000000, 0.000000000000000000, 1.000000000000000000 ) ) ;
#384 = CARTESIAN_POINT ( 'NONE',  ( -74.45004589892869262, 4.500000000000000000, 2.500000000000071054 ) ) ;
#385 = ORIENTED_EDGE ( 'NONE', *, *, #719, .F. ) ;
#386 =( LENGTH_UNIT ( ) NAMED_UNIT ( * ) SI_UNIT ( .MILLI., .METRE. ) );
#387 = EDGE_LOOP ( 'NONE', ( #397, #638, #2217, #365 ) ) ;
#388 = ADVANCED_FACE ( 'NONE', ( #1961 ), #1416, .T. ) ;
#389 = DIRECTION ( 'NONE',  ( 0.000000000000000000, 0.000000000000000000, -1.000000000000000000 ) ) ;
#390 = AXIS2_PLACEMENT_3D ( 'NONE', #1541, #832, #490 ) ;
#391 = DIRECTION ( 'NONE',  ( 0.000000000000000000, -0.000000000000000000, 1.000000000000000000 ) ) ;
#392 = ORIENTED_EDGE ( 'NONE', *, *, #1569, .F. ) ;
#393 = EDGE_CURVE ( 'NONE', #732, #2227, #1786, .T. ) ;
#394 = ORIENTED_EDGE ( 'NONE', *, *, #1795, .T. ) ;
#395 = VECTOR ( 'NONE', #1445, 1000.000000000000000 ) ;
#396 = CARTESIAN_POINT ( 'NONE',  ( -89.95004589892869262, 7.500000000000000000, 13.99999999999998401 ) ) ;
#397 = ORIENTED_EDGE ( 'NONE', *, *, #1917, .T. ) ;
#398 = DIRECTION ( 'NONE',  ( -0.000000000000000000, -1.000000000000000000, -0.000000000000000000 ) ) ;
#399 = CIRCLE ( 'NONE', #1327, 2.100000000000004530 ) ;
#400 = DIRECTION ( 'NONE',  ( 0.000000000000000000, 0.000000000000000000, 1.000000000000000000 ) ) ;
#401 = VECTOR ( 'NONE', #1387, 1000.000000000000000 ) ;
#402 = FACE_OUTER_BOUND ( 'NONE', #1208, .T. ) ;
#403 = ORIENTED_EDGE ( 'NONE', *, *, #2084, .F. ) ;
#404 = DIRECTION ( 'NONE',  ( 0.000000000000000000, 0.000000000000000000, 1.000000000000000000 ) ) ;
#405 = VERTEX_POINT ( 'NONE', #376 ) ;
#406 = CARTESIAN_POINT ( 'NONE',  ( -85.45004589892869262, 4.500000000000000000, 2.500000000000071498 ) ) ;
#407 = CARTESIAN_POINT ( 'NONE',  ( 1.450045898928671528, 4.500000000000000000, -13.50000000000001243 ) ) ;
#408 = ORIENTED_EDGE ( 'NONE', *, *, #240, .F. ) ;
#409 = DIRECTION ( 'NONE',  ( -0.000000000000000000, -1.000000000000000000, -0.000000000000000000 ) ) ;
#410 = CYLINDRICAL_SURFACE ( 'NONE', #146, 5.000000000000024869 ) ;
#411 = DIRECTION ( 'NONE',  ( -0.000000000000000000, -1.000000000000000000, -0.000000000000000000 ) ) ;
#412 = AXIS2_PLACEMENT_3D ( 'NONE', #968, #1711, #1724 ) ;
#413 = ORIENTED_EDGE ( 'NONE', *, *, #352, .F. ) ;
#414 = DIRECTION ( 'NONE',  ( 0.000000000000000000, 0.000000000000000000, -1.000000000000000000 ) ) ;
#415 = VERTEX_POINT ( 'NONE', #2007 ) ;
#416 = EDGE_CURVE ( 'NONE', #2270, #2117, #180, .T. ) ;
#417 = DIRECTION ( 'NONE',  ( 0.000000000000000000, 1.000000000000000000, 0.000000000000000000 ) ) ;
#418 = APPLICATION_CONTEXT ( 'automotive_design' ) ;
#419 = DIRECTION ( 'NONE',  ( 0.000000000000000000, 0.000000000000000000, 1.000000000000000000 ) ) ;
#420 = DIRECTION ( 'NONE',  ( 0.000000000000000000, 0.000000000000000000, 1.000000000000000000 ) ) ;
#421 = ORIENTED_EDGE ( 'NONE', *, *, #1756, .T. ) ;
#422 = EDGE_CURVE ( 'NONE', #2174, #151, #1857, .T. ) ;
#423 = CARTESIAN_POINT ( 'NONE',  ( 79.31557716302472727, 4.500000000000000000, 5.500000000000102141 ) ) ;
#424 = AXIS2_PLACEMENT_3D ( 'NONE', #2216, #1688, #2038 ) ;
#425 = EDGE_CURVE ( 'NONE', #2103, #1502, #839, .T. ) ;
#426 = DIRECTION ( 'NONE',  ( -0.000000000000000000, -1.000000000000000000, -0.000000000000000000 ) ) ;
#427 = AXIS2_PLACEMENT_3D ( 'NONE', #32, #1651, #45 ) ;
#428 = ORIENTED_EDGE ( 'NONE', *, *, #1646, .T. ) ;
#429 = DIRECTION ( 'NONE',  ( -0.000000000000000000, -1.000000000000000000, -0.000000000000000000 ) ) ;
#430 = CARTESIAN_POINT ( 'NONE',  ( -69.95004589892869262, 4.500000000000000000, -9.500000000000008882 ) ) ;
#431 = VERTEX_POINT ( 'NONE', #828 ) ;
#432 = CYLINDRICAL_SURFACE ( 'NONE', #2303, 2.099999999999990763 ) ;
#433 = ORIENTED_EDGE ( 'NONE', *, *, #928, .F. ) ;
#434 = CARTESIAN_POINT ( 'NONE',  ( 1.450045898928671528, 4.500000000000000000, -18.50000000000001066 ) ) ;
#435 = VERTEX_POINT ( 'NONE', #1714 ) ;
#436 = EDGE_LOOP ( 'NONE', ( #818, #1626, #144, #1479 ) ) ;
#437 = CARTESIAN_POINT ( 'NONE',  ( 89.45004589892866420, 4.500000000000000000, 21.99999999999998579 ) ) ;
#438 = CARTESIAN_POINT ( 'NONE',  ( 6.450045898928672194, 4.500000000000000000, 18.49999999999998934 ) ) ;
#439 = ORIENTED_EDGE ( 'NONE', *, *, #1650, .T. ) ;
#440 = EDGE_CURVE ( 'NONE', #218, #1628, #308, .T. ) ;
#441 = FILL_AREA_STYLE ('',( #470 ) ) ;
#442 = AXIS2_PLACEMENT_3D ( 'NONE', #1318, #426, #1282 ) ;
#443 = AXIS2_PLACEMENT_3D ( 'NONE', #1823, #922, #778 ) ;
#444 = VECTOR ( 'NONE', #530, 1000.000000000000000 ) ;
#445 = DIRECTION ( 'NONE',  ( -0.000000000000000000, -1.000000000000000000, -0.000000000000000000 ) ) ;
#446 = CYLINDRICAL_SURFACE ( 'NONE', #424, 3.499999999999999556 ) ;
#447 = ORIENTED_EDGE ( 'NONE', *, *, #1095, .F. ) ;
#448 = VERTEX_POINT ( 'NONE', #1864 ) ;
#449 = EDGE_CURVE ( 'NONE', #777, #2248, #102, .T. ) ;
#450 = DIRECTION ( 'NONE',  ( 0.000000000000000000, 1.000000000000000000, 0.000000000000000000 ) ) ;
#451 = CARTESIAN_POINT ( 'NONE',  ( -82.45004589892867841, 4.500000000000000000, -5.500000000000018652 ) ) ;
#452 = ORIENTED_EDGE ( 'NONE', *, *, #460, .F. ) ;
#453 = ORIENTED_EDGE ( 'NONE', *, *, #1491, .F. ) ;
#454 = CARTESIAN_POINT ( 'NONE',  ( -69.95004589892869262, 4.500000000000000000, 13.99999999999998401 ) ) ;
#455 = EDGE_CURVE ( 'NONE', #1262, #1837, #1004, .T. ) ;
#456 = CARTESIAN_POINT ( 'NONE',  ( -77.45004589892870683, 0.000000000000000000, -5.500000000000018652 ) ) ;
#457 = LINE ( 'NONE', #113, #1707 ) ;
#458 = ORIENTED_EDGE ( 'NONE', *, *, #277, .T. ) ;
#459 = ORIENTED_EDGE ( 'NONE', *, *, #1433, .T. ) ;
#460 = EDGE_CURVE ( 'NONE', #1590, #597, #457, .T. ) ;
#461 = DIRECTION ( 'NONE',  ( -0.000000000000000000, -1.000000000000000000, -0.000000000000000000 ) ) ;
#462 = ORIENTED_EDGE ( 'NONE', *, *, #1764, .T. ) ;
#463 = ORIENTED_EDGE ( 'NONE', *, *, #1332, .T. ) ;
#464 = DIRECTION ( 'NONE',  ( 0.000000000000000000, 1.000000000000000000, 0.000000000000000000 ) ) ;
#465 = ORIENTED_EDGE ( 'NONE', *, *, #2163, .F. ) ;
#466 = DIRECTION ( 'NONE',  ( -0.000000000000000000, -0.000000000000000000, -1.000000000000000000 ) ) ;
#467 = AXIS2_PLACEMENT_3D ( 'NONE', #1683, #593, #1333 ) ;
#468 = FACE_OUTER_BOUND ( 'NONE', #1653, .T. ) ;
#469 = VECTOR ( 'NONE', #162, 1000.000000000000000 ) ;
#470 = FILL_AREA_STYLE_COLOUR ( '', #2277 ) ;
#471 = EDGE_LOOP ( 'NONE', ( #1143, #1422, #1719, #3, #177, #1252 ) ) ;
#472 = AXIS2_PLACEMENT_3D ( 'NONE', #1273, #251, #1115 ) ;
#473 = DIRECTION ( 'NONE',  ( 0.000000000000000000, 1.000000000000000000, 0.000000000000000000 ) ) ;
#474 = VERTEX_POINT ( 'NONE', #280 ) ;
#475 = VERTEX_POINT ( 'NONE', #1905 ) ;
#476 = EDGE_CURVE ( 'NONE', #1480, #1171, #770, .T. ) ;
#477 = DIRECTION ( 'NONE',  ( 0.000000000000000000, 0.000000000000000000, -1.000000000000000000 ) ) ;
#478 = FACE_OUTER_BOUND ( 'NONE', #2148, .T. ) ;
#479 = EDGE_CURVE ( 'NONE', #304, #1461, #1291, .T. ) ;
#480 = CARTESIAN_POINT ( 'NONE',  ( 89.45004589892866420, 4.500000000000000000, 14.99999999999999467 ) ) ;
#481 = CARTESIAN_POINT ( 'NONE',  ( -85.45004589892870683, 4.500000000000000000, -2.500000000000003997 ) ) ;
#482 = CARTESIAN_POINT ( 'NONE',  ( -69.95004589892869262, 4.500000000000000000, 9.499999999999987566 ) ) ;
#483 = ORIENTED_EDGE ( 'NONE', *, *, #302, .F. ) ;
#484 = DIRECTION ( 'NONE',  ( 0.000000000000000000, 0.000000000000000000, -1.000000000000000000 ) ) ;
#485 = ORIENTED_EDGE ( 'NONE', *, *, #1093, .F. ) ;
#486 = EDGE_LOOP ( 'NONE', ( #2241, #870, #1547, #1829, #1771, #960 ) ) ;
#487 = CIRCLE ( 'NONE', #1871, 3.000000000000002665 ) ;
#488 = AXIS2_PLACEMENT_3D ( 'NONE', #615, #627, #825 ) ;
#489 = CARTESIAN_POINT ( 'NONE',  ( 84.45004589892862157, 4.500000000000000000, 18.49999999999998934 ) ) ;
#490 = DIRECTION ( 'NONE',  ( 0.000000000000000000, 0.000000000000000000, -1.000000000000000000 ) ) ;
#491 = CYLINDRICAL_SURFACE ( 'NONE', #749, 4.499999999999997335 ) ;
#492 = EDGE_CURVE ( 'NONE', #2229, #1317, #971, .T. ) ;
#493 = DIRECTION ( 'NONE',  ( 0.000000000000000000, 0.000000000000000000, 1.000000000000000000 ) ) ;
#494 = EDGE_LOOP ( 'NONE', ( #2020, #270, #920, #837 ) ) ;
#495 = FACE_OUTER_BOUND ( 'NONE', #1574, .T. ) ;
#496 = ORIENTED_EDGE ( 'NONE', *, *, #768, .F. ) ;
#497 = EDGE_CURVE ( 'NONE', #166, #1317, #1730, .T. ) ;
#498 = VECTOR ( 'NONE', #612, 1000.000000000000000 ) ;
#499 = LINE ( 'NONE', #134, #1316 ) ;
#500 = LINE ( 'NONE', #168, #634 ) ;
#501 = PLANE ( 'NONE',  #522 ) ;
#502 = VECTOR ( 'NONE', #1932, 1000.000000000000000 ) ;
#503 = EDGE_CURVE ( 'NONE', #1317, #779, #2086, .T. ) ;
#504 = DIRECTION ( 'NONE',  ( 0.000000000000000000, 0.000000000000000000, -1.000000000000000000 ) ) ;
#505 = ORIENTED_EDGE ( 'NONE', *, *, #60, .T. ) ;
#506 = CARTESIAN_POINT ( 'NONE',  ( 6.450045898928669530, 4.500000000000000000, 5.500000000000087930 ) ) ;
#507 = AXIS2_PLACEMENT_3D ( 'NONE', #2105, #330, #1057 ) ;
#508 = ORIENTED_EDGE ( 'NONE', *, *, #1753, .F. ) ;
#509 = EDGE_CURVE ( 'NONE', #2313, #705, #130, .T. ) ;
#510 = DIRECTION ( 'NONE',  ( 0.000000000000000000, 1.000000000000000000, 0.000000000000000000 ) ) ;
#511 = LINE ( 'NONE', #354, #1042 ) ;
#512 = CYLINDRICAL_SURFACE ( 'NONE', #689, 3.000000000000002665 ) ;
#513 = DIRECTION ( 'NONE',  ( -0.000000000000000000, -1.000000000000000000, -0.000000000000000000 ) ) ;
#514 = ORIENTED_EDGE ( 'NONE', *, *, #46, .F. ) ;
#515 = CARTESIAN_POINT ( 'NONE',  ( 6.450045898928669530, 4.500000000000000000, 18.49999999999998934 ) ) ;
#516 = ORIENTED_EDGE ( 'NONE', *, *, #1491, .T. ) ;
#517 = CIRCLE ( 'NONE', #117, 4.500000000000003553 ) ;
#518 = EDGE_CURVE ( 'NONE', #75, #43, #662, .T. ) ;
#519 = VECTOR ( 'NONE', #54, 1000.000000000000000 ) ;
#520 = CIRCLE ( 'NONE', #312, 3.000000000000002665 ) ;
#521 = CARTESIAN_POINT ( 'NONE',  ( -69.95004589892869262, 7.500000000000000000, -14.00000000000001243 ) ) ;
#522 = AXIS2_PLACEMENT_3D ( 'NONE', #1026, #1218, #1038 ) ;
#523 = FACE_OUTER_BOUND ( 'NONE', #1165, .T. ) ;
#524 = DIRECTION ( 'NONE',  ( -0.000000000000000000, -0.000000000000000000, 1.000000000000000000 ) ) ;
#525 = MANIFOLD_SOLID_BREP ( 'Boss-Extrude2', #2006 ) ;
#526 = FACE_BOUND ( 'NONE', #1592, .T. ) ;
#527 = FACE_OUTER_BOUND ( 'NONE', #1164, .T. ) ;
#528 = ORIENTED_EDGE ( 'NONE', *, *, #212, .F. ) ;
#529 = DIRECTION ( 'NONE',  ( 1.000000000000000000, -0.000000000000000000, 0.000000000000000000 ) ) ;
#530 = DIRECTION ( 'NONE',  ( -0.000000000000000000, -1.000000000000000000, -0.000000000000000000 ) ) ;
#531 = ORIENTED_EDGE ( 'NONE', *, *, #596, .F. ) ;
#532 = EDGE_CURVE ( 'NONE', #779, #982, #2283, .T. ) ;
#533 = CARTESIAN_POINT ( 'NONE',  ( 1.450045898928671528, 0.000000000000000000, -18.50000000000001066 ) ) ;
#534 = CARTESIAN_POINT ( 'NONE',  ( 1.450045898928671528, 4.500000000000000000, 18.49999999999998934 ) ) ;
#535 = CARTESIAN_POINT ( 'NONE',  ( 89.45004589892866420, 4.500000000000000000, -13.49999999999999112 ) ) ;
#536 = DIRECTION ( 'NONE',  ( -0.000000000000000000, -1.000000000000000000, -0.000000000000000000 ) ) ;
#537 = VECTOR ( 'NONE', #298, 1000.000000000000000 ) ;
#538 = EDGE_LOOP ( 'NONE', ( #103, #851, #95, #1698 ) ) ;
#539 = DIRECTION ( 'NONE',  ( 0.000000000000000000, 0.000000000000000000, 1.000000000000000000 ) ) ;
#540 = DIRECTION ( 'NONE',  ( -0.000000000000000000, -1.000000000000000000, 0.000000000000000000 ) ) ;
#541 = ORIENTED_EDGE ( 'NONE', *, *, #1463, .F. ) ;
#542 = CARTESIAN_POINT ( 'NONE',  ( 6.450045898928669530, 0.000000000000000000, 5.500000000000087930 ) ) ;
#543 = CIRCLE ( 'NONE', #507, 4.500000000000003553 ) ;
#545 = EDGE_CURVE ( 'NONE', #239, #1063, #364, .T. ) ;
#544 = DIRECTION ( 'NONE',  ( 0.000000000000000000, 0.000000000000000000, -1.000000000000000000 ) ) ;
#546 = PLANE ( 'NONE',  #2172 ) ;
#547 = AXIS2_PLACEMENT_3D ( 'NONE', #347, #1439, #2162 ) ;
#548 = EDGE_CURVE ( 'NONE', #79, #982, #338, .T. ) ;
#549 = CARTESIAN_POINT ( 'NONE',  ( 1.450045898928671972, 4.500000000000000000, -15.00000000000000888 ) ) ;
#550 = DIRECTION ( 'NONE',  ( 0.000000000000000000, 1.000000000000000000, 0.000000000000000000 ) ) ;
#551 = CARTESIAN_POINT ( 'NONE',  ( 6.450045898928669530, 4.500000000000000000, 5.500000000000087930 ) ) ;
#552 = LINE ( 'NONE', #1032, #990 ) ;
#553 = ORIENTED_EDGE ( 'NONE', *, *, #2033, .F. ) ;
#554 = CARTESIAN_POINT ( 'NONE',  ( -85.45004589892869262, 4.500000000000000000, 13.99999999999998401 ) ) ;
#555 = DIRECTION ( 'NONE',  ( 0.000000000000000000, 0.000000000000000000, -1.000000000000000000 ) ) ;
#556 = VERTEX_POINT ( 'NONE', #327 ) ;
#557 = LINE ( 'NONE', #201, #1059 ) ;
#558 = CARTESIAN_POINT ( 'NONE',  ( -82.45004589892869262, 4.500000000000000000, 2.500000000000085265 ) ) ;
#559 = CIRCLE ( 'NONE', #1870, 3.000000000000002665 ) ;
#560 = CARTESIAN_POINT ( 'NONE',  ( -89.95004589892869262, 4.500000000000000000, -14.00000000000001243 ) ) ;
#561 = AXIS2_PLACEMENT_3D ( 'NONE', #381, #2154, #544 ) ;
#562 = FACE_OUTER_BOUND ( 'NONE', #1674, .T. ) ;
#563 = FACE_BOUND ( 'NONE', #2222, .T. ) ;
#564 = ORIENTED_EDGE ( 'NONE', *, *, #573, .T. ) ;
#565 = PLANE ( 'NONE',  #1983 ) ;
#566 = VERTEX_POINT ( 'NONE', #374 ) ;
#567 = ORIENTED_EDGE ( 'NONE', *, *, #1079, .F. ) ;
#568 = CARTESIAN_POINT ( 'NONE',  ( 1.450045898928671528, 0.000000000000000000, 18.49999999999998934 ) ) ;
#569 = CARTESIAN_POINT ( 'NONE',  ( -82.45004589892867841, 4.500000000000000000, 5.500000000000087930 ) ) ;
#570 = ORIENTED_EDGE ( 'NONE', *, *, #1266, .F. ) ;
#571 = CARTESIAN_POINT ( 'NONE',  ( 82.31557716302472727, 4.500000000000000000, 5.500000000000087930 ) ) ;
#572 = CYLINDRICAL_SURFACE ( 'NONE', #2203, 3.499999999999992895 ) ;
#573 = EDGE_CURVE ( 'NONE', #1572, #1671, #55, .T. ) ;
#574 = DIRECTION ( 'NONE',  ( 0.000000000000000000, 0.000000000000000000, 1.000000000000000000 ) ) ;
#575 = EDGE_CURVE ( 'NONE', #1471, #2261, #1402, .T. ) ;
#576 = EDGE_CURVE ( 'NONE', #1899, #2075, #866, .T. ) ;
#577 = DIRECTION ( 'NONE',  ( -0.000000000000000000, -0.000000000000000000, -1.000000000000000000 ) ) ;
#578 = VERTEX_POINT ( 'NONE', #865 ) ;
#579 = CIRCLE ( 'NONE', #1508, 3.500000000000001332 ) ;
#580 = EDGE_LOOP ( 'NONE', ( #684, #1885, #2091, #2010 ) ) ;
#581 = AXIS2_PLACEMENT_3D ( 'NONE', #1701, #950, #1352 ) ;
#582 = ADVANCED_FACE ( 'NONE', ( #1536 ), #58, .T. ) ;
#583 = ORIENTED_EDGE ( 'NONE', *, *, #1367, .F. ) ;
#584 = AXIS2_PLACEMENT_3D ( 'NONE', #2136, #358, #1061 ) ;
#585 = DIRECTION ( 'NONE',  ( 0.000000000000000000, 0.000000000000000000, 1.000000000000000000 ) ) ;
#586 = ORIENTED_EDGE ( 'NONE', *, *, #827, .F. ) ;
#587 = DIRECTION ( 'NONE',  ( 0.000000000000000000, 1.000000000000000000, 0.000000000000000000 ) ) ;
#588 = ORIENTED_EDGE ( 'NONE', *, *, #939, .T. ) ;
#589 = CARTESIAN_POINT ( 'NONE',  ( 1.450045898928671528, 4.500000000000000000, -8.500000000000035527 ) ) ;
#590 = VERTEX_POINT ( 'NONE', #1686 ) ;
#591 = DIRECTION ( 'NONE',  ( -0.000000000000000000, -1.000000000000000000, -0.000000000000000000 ) ) ;
#592 = CIRCLE ( 'NONE', #1268, 5.000000000000024869 ) ;
#593 = DIRECTION ( 'NONE',  ( 0.000000000000000000, 1.000000000000000000, 0.000000000000000000 ) ) ;
#594 = VECTOR ( 'NONE', #875, 1000.000000000000000 ) ;
#595 = VECTOR ( 'NONE', #676, 1000.000000000000000 ) ;
#596 = EDGE_CURVE ( 'NONE', #1489, #597, #252, .T. ) ;
#597 = VERTEX_POINT ( 'NONE', #2244 ) ;
#598 = DIRECTION ( 'NONE',  ( -0.000000000000000000, -0.000000000000000000, -1.000000000000000000 ) ) ;
#599 = EDGE_LOOP ( 'NONE', ( #164, #165, #750, #807, #961, #1429 ) ) ;
#600 = CARTESIAN_POINT ( 'NONE',  ( -69.95004589892869262, 4.500000000000000000, -14.00000000000001243 ) ) ;
#601 = ORIENTED_EDGE ( 'NONE', *, *, #2119, .T. ) ;
#602 = DIRECTION ( 'NONE',  ( -0.000000000000000000, -1.000000000000000000, -0.000000000000000000 ) ) ;
#603 = EDGE_CURVE ( 'NONE', #281, #1776, #658, .T. ) ;
#604 = DIRECTION ( 'NONE',  ( 0.000000000000000000, 1.000000000000000000, 0.000000000000000000 ) ) ;
#605 = ORIENTED_EDGE ( 'NONE', *, *, #1863, .T. ) ;
#606 = FACE_OUTER_BOUND ( 'NONE', #1524, .T. ) ;
#607 = VECTOR ( 'NONE', #1738, 1000.000000000000000 ) ;
#608 = LINE ( 'NONE', #1675, #2000 ) ;
#609 = ORIENTED_EDGE ( 'NONE', *, *, #1621, .T. ) ;
#610 = CARTESIAN_POINT ( 'NONE',  ( 9.450045898928692623, 4.500000000000000000, 8.500000000000104805 ) ) ;
#611 = AXIS2_PLACEMENT_3D ( 'NONE', #1922, #320, #143 ) ;
#612 = DIRECTION ( 'NONE',  ( -0.000000000000000000, -1.000000000000000000, -0.000000000000000000 ) ) ;
#613 = ORIENTED_EDGE ( 'NONE', *, *, #455, .T. ) ;
#614 = ADVANCED_FACE ( 'NONE', ( #86 ), #973, .F. ) ;
#615 = CARTESIAN_POINT ( 'NONE',  ( -69.95004589892869262, 0.000000000000000000, -14.00000000000001243 ) ) ;
#616 = DIRECTION ( 'NONE',  ( 0.000000000000000000, 0.000000000000000000, 1.000000000000000000 ) ) ;
#617 = AXIS2_PLACEMENT_3D ( 'NONE', #859, #1578, #893 ) ;
#618 = DIRECTION ( 'NONE',  ( 0.000000000000000000, 0.000000000000000000, 1.000000000000000000 ) ) ;
#619 = EDGE_CURVE ( 'NONE', #109, #2249, #1891, .T. ) ;
#620 = CYLINDRICAL_SURFACE ( 'NONE', #1853, 2.099999999999992539 ) ;
#621 = CARTESIAN_POINT ( 'NONE',  ( -1.549954101071351786, 0.000000000000000000, -5.500000000000018652 ) ) ;
#622 = EDGE_LOOP ( 'NONE', ( #458, #413, #753, #822 ) ) ;
#623 = ORIENTED_EDGE ( 'NONE', *, *, #2181, .F. ) ;
#624 = APPLICATION_CONTEXT ( 'automotive_design' ) ;
#625 = CARTESIAN_POINT ( 'NONE',  ( -69.95004589892869262, 7.500000000000000000, 13.99999999999998401 ) ) ;
#626 = ORIENTED_EDGE ( 'NONE', *, *, #1120, .T. ) ;
#627 = DIRECTION ( 'NONE',  ( 0.000000000000000000, 1.000000000000000000, 0.000000000000000000 ) ) ;
#628 = CARTESIAN_POINT ( 'NONE',  ( -77.45004589892869262, 4.500000000000000000, -2.500000000000015987 ) ) ;
#629 = EDGE_CURVE ( 'NONE', #1776, #1377, #1129, .T. ) ;
#630 = CARTESIAN_POINT ( 'NONE',  ( -69.95004589892869262, 4.500000000000000000, 18.49999999999998224 ) ) ;
#631 = ORIENTED_EDGE ( 'NONE', *, *, #2271, .F. ) ;
#632 = AXIS2_PLACEMENT_3D ( 'NONE', #912, #591, #1990 ) ;
#633 = CIRCLE ( 'NONE', #1007, 3.000000000000002665 ) ;
#634 = VECTOR ( 'NONE', #1780, 1000.000000000000000 ) ;
#635 = CARTESIAN_POINT ( 'NONE',  ( -69.95004589892869262, 0.000000000000000000, -8.500000000000033751 ) ) ;
#636 = LINE ( 'NONE', #284, #1283 ) ;
#637 = EDGE_LOOP ( 'NONE', ( #1975, #528, #955, #153, #787 ) ) ;
#638 = ORIENTED_EDGE ( 'NONE', *, *, #1069, .T. ) ;
#639 = FACE_BOUND ( 'NONE', #1132, .T. ) ;
#640 = ORIENTED_EDGE ( 'NONE', *, *, #129, .F. ) ;
#641 = DIRECTION ( 'NONE',  ( 0.000000000000000000, 1.000000000000000000, -0.000000000000000000 ) ) ;
#642 = DIRECTION ( 'NONE',  ( -1.000000000000000000, 0.000000000000000000, 0.000000000000000000 ) ) ;
#643 = DIRECTION ( 'NONE',  ( 0.000000000000000000, 0.000000000000000000, 1.000000000000000000 ) ) ;
#644 = ORIENTED_EDGE ( 'NONE', *, *, #1956, .T. ) ;
#645 = ORIENTED_EDGE ( 'NONE', *, *, #835, .F. ) ;
#646 = CARTESIAN_POINT ( 'NONE',  ( 1.450045898928671528, 4.500000000000000000, 13.49999999999998401 ) ) ;
#647 = PLANE ( 'NONE',  #52 ) ;
#648 = ADVANCED_FACE ( 'NONE', ( #1414 ), #512, .F. ) ;
#649 = ORIENTED_EDGE ( 'NONE', *, *, #518, .F. ) ;
#650 = ORIENTED_EDGE ( 'NONE', *, *, #2048, .T. ) ;
#651 = CARTESIAN_POINT ( 'NONE',  ( -74.45004589892869262, 4.500000000000000000, 13.99999999999998401 ) ) ;
#652 = DIRECTION ( 'NONE',  ( 0.000000000000000000, 1.000000000000000000, 0.000000000000000000 ) ) ;
#653 = DIRECTION ( 'NONE',  ( -0.000000000000000000, -1.000000000000000000, -0.000000000000000000 ) ) ;
#654 = DIRECTION ( 'NONE',  ( 0.000000000000000000, 0.000000000000000000, 1.000000000000000000 ) ) ;
#655 = EDGE_CURVE ( 'NONE', #1358, #1472, #945, .T. ) ;
#656 = CIRCLE ( 'NONE', #140, 2.099999999999990763 ) ;
#657 = LINE ( 'NONE', #801, #1603 ) ;
#658 = CIRCLE ( 'NONE', #176, 4.500000000000003553 ) ;
#659 = CARTESIAN_POINT ( 'NONE',  ( -89.95004589892869262, 4.500000000000000000, -14.00000000000001243 ) ) ;
#660 = ORIENTED_EDGE ( 'NONE', *, *, #2301, .T. ) ;
#661 = AXIS2_PLACEMENT_3D ( 'NONE', #236, #938, #1126 ) ;
#662 = CIRCLE ( 'NONE', #948, 4.499999999999990230 ) ;
#663 = LINE ( 'NONE', #360, #502 ) ;
#664 = ORIENTED_EDGE ( 'NONE', *, *, #26, .T. ) ;
#665 = DIRECTION ( 'NONE',  ( 0.000000000000000000, 0.000000000000000000, -1.000000000000000000 ) ) ;
#666 = DIRECTION ( 'NONE',  ( -0.000000000000000000, -1.000000000000000000, -0.000000000000000000 ) ) ;
#667 = DIRECTION ( 'NONE',  ( 0.000000000000000000, 0.000000000000000000, 1.000000000000000000 ) ) ;
#668 = PLANE ( 'NONE',  #1640 ) ;
#669 = EDGE_LOOP ( 'NONE', ( #2237, #918 ) ) ;
#670 = CARTESIAN_POINT ( 'NONE',  ( 89.45004589892866420, 4.500000000000000000, -13.49999999999999112 ) ) ;
#671 = CARTESIAN_POINT ( 'NONE',  ( -89.95004589892869262, 7.500000000000000000, 13.99999999999998401 ) ) ;
#672 = ADVANCED_FACE ( 'NONE', ( #1145 ), #2276, .F. ) ;
#673 = CYLINDRICAL_SURFACE ( 'NONE', #2083, 3.000000000000002665 ) ;
#674 = FACE_OUTER_BOUND ( 'NONE', #622, .T. ) ;
#675 = AXIS2_PLACEMENT_3D ( 'NONE', #687, #1393, #1398 ) ;
#676 = DIRECTION ( 'NONE',  ( -0.000000000000000000, -1.000000000000000000, -0.000000000000000000 ) ) ;
#677 = CARTESIAN_POINT ( 'NONE',  ( -85.45004589892869262, 4.500000000000000000, -14.00000000000001243 ) ) ;
#678 = CARTESIAN_POINT ( 'NONE',  ( 1.450045898928671972, 0.000000000000000000, 21.99999999999999289 ) ) ;
#679 = VERTEX_POINT ( 'NONE', #1511 ) ;
#680 = EDGE_CURVE ( 'NONE', #1118, #763, #977, .T. ) ;
#681 = CARTESIAN_POINT ( 'NONE',  ( 1.450045898928671528, 4.500000000000000000, -23.50000000000000711 ) ) ;
#682 = ORIENTED_EDGE ( 'NONE', *, *, #422, .T. ) ;
#683 = CARTESIAN_POINT ( 'NONE',  ( -77.45004589892869262, 4.500000000000000000, -2.500000000000015987 ) ) ;
#684 = ORIENTED_EDGE ( 'NONE', *, *, #921, .F. ) ;
#685 = AXIS2_PLACEMENT_3D ( 'NONE', #998, #2087, #1898 ) ;
#686 = DIRECTION ( 'NONE',  ( 0.000000000000000000, 1.000000000000000000, 0.000000000000000000 ) ) ;
#687 = CARTESIAN_POINT ( 'NONE',  ( -89.95004589892869262, 7.500000000000000000, -14.00000000000001243 ) ) ;
#688 = CARTESIAN_POINT ( 'NONE',  ( 1.450045898928671972, 4.500000000000000000, 21.99999999999999289 ) ) ;
#689 = AXIS2_PLACEMENT_3D ( 'NONE', #2104, #1209, #1587 ) ;
#690 = CARTESIAN_POINT ( 'NONE',  ( -85.45004589892869262, 4.500000000000000000, -14.00000000000001243 ) ) ;
#691 = CARTESIAN_POINT ( 'NONE',  ( -89.95004589892869262, 7.500000000000000000, 13.99999999999998401 ) ) ;
#692 = VECTOR ( 'NONE', #1607, 1000.000000000000000 ) ;
#693 = EDGE_LOOP ( 'NONE', ( #2202, #967, #1351, #886 ) ) ;
#694 = CARTESIAN_POINT ( 'NONE',  ( 89.45004589892866420, 4.500000000000000000, -18.50000000000001066 ) ) ;
#695 = AXIS2_PLACEMENT_3D ( 'NONE', #2115, #728, #504 ) ;
#696 = ORIENTED_EDGE ( 'NONE', *, *, #1434, .T. ) ;
#697 = CARTESIAN_POINT ( 'NONE',  ( 1.450045898928671972, 0.000000000000000000, -15.00000000000000888 ) ) ;
#698 = CARTESIAN_POINT ( 'NONE',  ( -69.95004589892869262, 0.000000000000000000, -14.00000000000001243 ) ) ;
#699 = DIRECTION ( 'NONE',  ( 0.000000000000000000, 0.000000000000000000, 1.000000000000000000 ) ) ;
#700 = DIRECTION ( 'NONE',  ( 0.000000000000000000, 1.000000000000000000, 0.000000000000000000 ) ) ;
#701 = EDGE_CURVE ( 'NONE', #309, #131, #1437, .T. ) ;
#702 = CARTESIAN_POINT ( 'NONE',  ( -89.95004589892869262, 4.500000000000000000, -16.10000000000000142 ) ) ;
#703 = ADVANCED_FACE ( 'NONE', ( #943 ), #1997, .T. ) ;
#704 = DIRECTION ( 'NONE',  ( -0.000000000000000000, -1.000000000000000000, -0.000000000000000000 ) ) ;
#705 = VERTEX_POINT ( 'NONE', #744 ) ;
#706 = CARTESIAN_POINT ( 'NONE',  ( -69.95004589892869262, 0.000000000000000000, 13.99999999999998401 ) ) ;
#707 = CARTESIAN_POINT ( 'NONE',  ( -82.45004589892867841, 4.500000000000000000, 5.500000000000087930 ) ) ;
#708 = EDGE_LOOP ( 'NONE', ( #1644, #986 ) ) ;
#709 = VECTOR ( 'NONE', #2028, 1000.000000000000000 ) ;
#710 = AXIS2_PLACEMENT_3D ( 'NONE', #1359, #1912, #97 ) ;
#711 = DIRECTION ( 'NONE',  ( 0.000000000000000000, 1.000000000000000000, 0.000000000000000000 ) ) ;
#712 = AXIS2_PLACEMENT_3D ( 'NONE', #589, #2041, #1999 ) ;
#713 = DIRECTION ( 'NONE',  ( -0.000000000000000000, -1.000000000000000000, -0.000000000000000000 ) ) ;
#714 = DIRECTION ( 'NONE',  ( 0.000000000000000000, 0.000000000000000000, -1.000000000000000000 ) ) ;
#715 = DIRECTION ( 'NONE',  ( -0.000000000000000000, -1.000000000000000000, -0.000000000000000000 ) ) ;
#716 = CYLINDRICAL_SURFACE ( 'NONE', #1937, 3.000000000000002665 ) ;
#717 = EDGE_LOOP ( 'NONE', ( #2243, #588 ) ) ;
#718 = LINE ( 'NONE', #515, #1403 ) ;
#719 = EDGE_CURVE ( 'NONE', #2061, #1684, #656, .T. ) ;
#720 = CARTESIAN_POINT ( 'NONE',  ( 89.45004589892866420, 4.500000000000000000, -13.49999999999999112 ) ) ;
#721 = ORIENTED_EDGE ( 'NONE', *, *, #928, .T. ) ;
#722 = EDGE_CURVE ( 'NONE', #2248, #1837, #1747, .T. ) ;
#723 = DIRECTION ( 'NONE',  ( -0.000000000000000000, -1.000000000000000000, -0.000000000000000000 ) ) ;
#724 = AXIS2_PLACEMENT_3D ( 'NONE', #2289, #464, #1177 ) ;
#725 = DIRECTION ( 'NONE',  ( -0.000000000000000000, -1.000000000000000000, 0.000000000000000000 ) ) ;
#726 = VECTOR ( 'NONE', #2320, 1000.000000000000000 ) ;
#727 = CARTESIAN_POINT ( 'NONE',  ( -69.95004589892869262, 7.500000000000000000, -14.00000000000001243 ) ) ;
#728 = DIRECTION ( 'NONE',  ( 0.000000000000000000, 1.000000000000000000, -0.000000000000000000 ) ) ;
#729 = AXIS2_PLACEMENT_3D ( 'NONE', #2052, #1355, #1510 ) ;
#730 = ORIENTED_EDGE ( 'NONE', *, *, #27, .F. ) ;
#731 = LINE ( 'NONE', #1064, #692 ) ;
#732 = VERTEX_POINT ( 'NONE', #1297 ) ;
#733 = CARTESIAN_POINT ( 'NONE',  ( -85.45004589892867841, 4.500000000000000000, 13.99999999999998401 ) ) ;
#734 = VECTOR ( 'NONE', #2246, 1000.000000000000000 ) ;
#735 = ADVANCED_FACE ( 'NONE', ( #217 ), #919, .T. ) ;
#736 = DIRECTION ( 'NONE',  ( -0.000000000000000000, -1.000000000000000000, 0.000000000000000000 ) ) ;
#737 = EDGE_CURVE ( 'NONE', #1778, #1648, #1478, .T. ) ;
#738 = FACE_OUTER_BOUND ( 'NONE', #2012, .T. ) ;
#739 = FACE_BOUND ( 'NONE', #1255, .T. ) ;
#740 = DIRECTION ( 'NONE',  ( 0.000000000000000000, 0.000000000000000000, 1.000000000000000000 ) ) ;
#741 = VERTEX_POINT ( 'NONE', #542 ) ;
#742 = DIRECTION ( 'NONE',  ( 0.000000000000000000, 0.000000000000000000, -1.000000000000000000 ) ) ;
#743 = ORIENTED_EDGE ( 'NONE', *, *, #259, .F. ) ;
#744 = CARTESIAN_POINT ( 'NONE',  ( -77.45004589892870683, 4.500000000000000000, 5.500000000000087930 ) ) ;
#745 = ORIENTED_EDGE ( 'NONE', *, *, #827, .T. ) ;
#746 = AXIS2_PLACEMENT_3D ( 'NONE', #814, #2089, #1888 ) ;
#747 = EDGE_CURVE ( 'NONE', #2215, #1776, #557, .T. ) ;
#748 = AXIS2_PLACEMENT_3D ( 'NONE', #1470, #2188, #51 ) ;
#749 = AXIS2_PLACEMENT_3D ( 'NONE', #454, #1000, #1166 ) ;
#750 = ORIENTED_EDGE ( 'NONE', *, *, #1079, .T. ) ;
#751 = CARTESIAN_POINT ( 'NONE',  ( 1.450045898928671528, 0.000000000000000000, -18.50000000000001066 ) ) ;
#752 = ORIENTED_EDGE ( 'NONE', *, *, #1449, .F. ) ;
#753 = ORIENTED_EDGE ( 'NONE', *, *, #1071, .F. ) ;
#754 = ORIENTED_EDGE ( 'NONE', *, *, #1865, .F. ) ;
#755 = ORIENTED_EDGE ( 'NONE', *, *, #1106, .F. ) ;
#756 = CYLINDRICAL_SURFACE ( 'NONE', #661, 3.000000000000002665 ) ;
#757 = PLANE ( 'NONE',  #382 ) ;
#758 = EDGE_CURVE ( 'NONE', #281, #777, #15, .T. ) ;
#759 = APPLICATION_PROTOCOL_DEFINITION ( 'draft international standard', 'automotive_design', 1998, #624 ) ;
#760 = ORIENTED_EDGE ( 'NONE', *, *, #813, .F. ) ;
#761 = AXIS2_PLACEMENT_3D ( 'NONE', #1931, #1030, #699 ) ;
#762 = CARTESIAN_POINT ( 'NONE',  ( -69.95004589892869262, 0.000000000000000000, 13.99999999999998401 ) ) ;
#763 = VERTEX_POINT ( 'NONE', #2168 ) ;
#764 = ORIENTED_EDGE ( 'NONE', *, *, #1617, .F. ) ;
#765 = MECHANICAL_DESIGN_GEOMETRIC_PRESENTATION_REPRESENTATION (  '', ( #1400 ), #2003 ) ;
#766 = CARTESIAN_POINT ( 'NONE',  ( -89.95004589892869262, 0.000000000000000000, -14.00000000000001243 ) ) ;
#767 = DIRECTION ( 'NONE',  ( 0.000000000000000000, 0.000000000000000000, -1.000000000000000000 ) ) ;
#768 = EDGE_CURVE ( 'NONE', #1461, #1899, #951, .T. ) ;
#769 = ORIENTED_EDGE ( 'NONE', *, *, #1745, .T. ) ;
#770 = CIRCLE ( 'NONE', #2008, 3.000000000000002665 ) ;
#771 = DIRECTION ( 'NONE',  ( 0.000000000000000000, 1.000000000000000000, 0.000000000000000000 ) ) ;
#772 = DIRECTION ( 'NONE',  ( 0.000000000000000000, 0.000000000000000000, 1.000000000000000000 ) ) ;
#773 = ADVANCED_FACE ( 'NONE', ( #1733 ), #432, .F. ) ;
#774 = ORIENTED_EDGE ( 'NONE', *, *, #1794, .T. ) ;
#775 = CYLINDRICAL_SURFACE ( 'NONE', #729, 3.500000000000001332 ) ;
#776 = ORIENTED_EDGE ( 'NONE', *, *, #497, .T. ) ;
#777 = VERTEX_POINT ( 'NONE', #1523 ) ;
#778 = DIRECTION ( 'NONE',  ( 0.000000000000000000, 0.000000000000000000, 1.000000000000000000 ) ) ;
#779 = VERTEX_POINT ( 'NONE', #621 ) ;
#780 = ORIENTED_EDGE ( 'NONE', *, *, #1827, .F. ) ;
#781 = ADVANCED_FACE ( 'NONE', ( #1854 ), #446, .F. ) ;
#782 = CIRCLE ( 'NONE', #1044, 2.100000000000004530 ) ;
#783 = CARTESIAN_POINT ( 'NONE',  ( 89.45004589892866420, 0.000000000000000000, -13.49999999999999112 ) ) ;
#784 = CIRCLE ( 'NONE', #1229, 2.100000000000004530 ) ;
#785 = EDGE_LOOP ( 'NONE', ( #1199, #188, #1170, #263 ) ) ;
#786 = FACE_OUTER_BOUND ( 'NONE', #1495, .T. ) ;
#787 = ORIENTED_EDGE ( 'NONE', *, *, #1018, .T. ) ;
#788 = ORIENTED_EDGE ( 'NONE', *, *, #2281, .F. ) ;
#789 = ORIENTED_EDGE ( 'NONE', *, *, #2011, .T. ) ;
#790 = ORIENTED_EDGE ( 'NONE', *, *, #122, .F. ) ;
#791 = DIRECTION ( 'NONE',  ( 0.000000000000000000, -0.000000000000000000, 1.000000000000000000 ) ) ;
#792 = ADVANCED_FACE ( 'NONE', ( #786 ), #1705, .T. ) ;
#793 = ORIENTED_EDGE ( 'NONE', *, *, #76, .F. ) ;
#794 = CARTESIAN_POINT ( 'NONE',  ( 1.450045898928671528, 0.000000000000000000, -8.500000000000035527 ) ) ;
#795 = DIRECTION ( 'NONE',  ( 0.000000000000000000, 0.000000000000000000, -1.000000000000000000 ) ) ;
#796 = AXIS2_PLACEMENT_3D ( 'NONE', #1944, #1200, #1923 ) ;
#797 = ORIENTED_EDGE ( 'NONE', *, *, #449, .F. ) ;
#798 = EDGE_LOOP ( 'NONE', ( #2081, #752, #2016, #1606 ) ) ;
#800 = ADVANCED_FACE ( 'NONE', ( #1866 ), #775, .F. ) ;
#799 = DIRECTION ( 'NONE',  ( -0.000000000000000000, -1.000000000000000000, -0.000000000000000000 ) ) ;
#801 = CARTESIAN_POINT ( 'NONE',  ( 89.45004589892866420, 4.500000000000000000, 13.49999999999996270 ) ) ;
#802 = ORIENTED_EDGE ( 'NONE', *, *, #2145, .T. ) ;
#803 = DIRECTION ( 'NONE',  ( 0.000000000000000000, 0.000000000000000000, -1.000000000000000000 ) ) ;
#804 = EDGE_LOOP ( 'NONE', ( #564, #2245, #106, #126 ) ) ;
#805 = ORIENTED_EDGE ( 'NONE', *, *, #26, .F. ) ;
#806 = DIRECTION ( 'NONE',  ( 0.000000000000000000, 0.000000000000000000, 1.000000000000000000 ) ) ;
#807 = ORIENTED_EDGE ( 'NONE', *, *, #758, .F. ) ;
#808 = ORIENTED_EDGE ( 'NONE', *, *, #2189, .F. ) ;
#809 = PLANE ( 'NONE',  #1457 ) ;
#810 = DIRECTION ( 'NONE',  ( 0.000000000000000000, -0.000000000000000000, 1.000000000000000000 ) ) ;
#811 = ORIENTED_EDGE ( 'NONE', *, *, #1805, .F. ) ;
#812 = LINE ( 'NONE', #1025, #1303 ) ;
#813 = EDGE_CURVE ( 'NONE', #380, #1821, #608, .T. ) ;
#814 = CARTESIAN_POINT ( 'NONE',  ( -69.95004589892869262, 7.500000000000000000, 13.99999999999998401 ) ) ;
#815 = VECTOR ( 'NONE', #1242, 1000.000000000000000 ) ;
#816 = EDGE_CURVE ( 'NONE', #405, #1504, #905, .T. ) ;
#817 = CARTESIAN_POINT ( 'NONE',  ( 9.450045898928671306, 0.000000000000000000, -5.500000000000032863 ) ) ;
#818 = ORIENTED_EDGE ( 'NONE', *, *, #915, .T. ) ;
#819 = VECTOR ( 'NONE', #642, 1000.000000000000000 ) ;
#820 = VECTOR ( 'NONE', #1958, 1000.000000000000000 ) ;
#821 = CARTESIAN_POINT ( 'NONE',  ( -89.95004589892869262, 0.000000000000000000, 18.49999999999998224 ) ) ;
#822 = ORIENTED_EDGE ( 'NONE', *, *, #1093, .T. ) ;
#823 = EDGE_CURVE ( 'NONE', #474, #1474, #1336, .T. ) ;
#824 = DIRECTION ( 'NONE',  ( -0.000000000000000000, -1.000000000000000000, -0.000000000000000000 ) ) ;
#825 = DIRECTION ( 'NONE',  ( 0.000000000000000000, 0.000000000000000000, 1.000000000000000000 ) ) ;
#826 = DIRECTION ( 'NONE',  ( 0.000000000000000000, 0.000000000000000000, -1.000000000000000000 ) ) ;
#827 = EDGE_CURVE ( 'NONE', #299, #1684, #1488, .T. ) ;
#828 = CARTESIAN_POINT ( 'NONE',  ( -85.45004589892869262, 0.000000000000000000, -14.00000000000001243 ) ) ;
#829 = ORIENTED_EDGE ( 'NONE', *, *, #758, .T. ) ;
#830 = EDGE_LOOP ( 'NONE', ( #1441, #1868 ) ) ;
#831 = ORIENTED_EDGE ( 'NONE', *, *, #1246, .T. ) ;
#832 = DIRECTION ( 'NONE',  ( -0.000000000000000000, -1.000000000000000000, -0.000000000000000000 ) ) ;
#833 = CARTESIAN_POINT ( 'NONE',  ( 79.31557716302472727, 0.000000000000000000, -5.500000000000032863 ) ) ;
#834 = CARTESIAN_POINT ( 'NONE',  ( 6.450045898928669530, 0.000000000000000000, -18.50000000000001066 ) ) ;
#835 = EDGE_CURVE ( 'NONE', #1755, #1654, #1967, .T. ) ;
#836 = DIRECTION ( 'NONE',  ( 0.000000000000000000, 1.000000000000000000, 0.000000000000000000 ) ) ;
#837 = ORIENTED_EDGE ( 'NONE', *, *, #1401, .T. ) ;
#838 = CIRCLE ( 'NONE', #2159, 2.099999999999990763 ) ;
#839 = CIRCLE ( 'NONE', #1785, 3.000000000000002665 ) ;
#840 = CARTESIAN_POINT ( 'NONE',  ( -89.95004589892869262, 7.500000000000000000, 18.49999999999998934 ) ) ;
#841 = VERTEX_POINT ( 'NONE', #2247 ) ;
#842 = DIRECTION ( 'NONE',  ( 0.000000000000000000, 0.000000000000000000, -1.000000000000000000 ) ) ;
#843 = VERTEX_POINT ( 'NONE', #1880 ) ;
#844 = FACE_OUTER_BOUND ( 'NONE', #1305, .T. ) ;
#845 = EDGE_CURVE ( 'NONE', #2249, #1480, #636, .T. ) ;
#846 = CARTESIAN_POINT ( 'NONE',  ( -1.549954101071351786, 4.500000000000000000, 5.500000000000087930 ) ) ;
#847 = ORIENTED_EDGE ( 'NONE', *, *, #1183, .F. ) ;
#848 = AXIS2_PLACEMENT_3D ( 'NONE', #628, #2077, #826 ) ;
#849 = DIRECTION ( 'NONE',  ( -0.000000000000000000, -1.000000000000000000, -0.000000000000000000 ) ) ;
#850 = VECTOR ( 'NONE', #891, 1000.000000000000000 ) ;
#851 = ORIENTED_EDGE ( 'NONE', *, *, #737, .T. ) ;
#852 = DIRECTION ( 'NONE',  ( 0.000000000000000000, 0.000000000000000000, 1.000000000000000000 ) ) ;
#853 = VECTOR ( 'NONE', #1564, 1000.000000000000000 ) ;
#854 = ORIENTED_EDGE ( 'NONE', *, *, #2264, .T. ) ;
#855 = DIRECTION ( 'NONE',  ( 0.000000000000000000, 1.000000000000000000, 0.000000000000000000 ) ) ;
#856 = CARTESIAN_POINT ( 'NONE',  ( -89.95004589892869262, 4.500000000000000000, 9.499999999999980460 ) ) ;
#857 = EDGE_CURVE ( 'NONE', #1212, #151, #1893, .T. ) ;
#858 = ADVANCED_FACE ( 'NONE', ( #1718 ), #647, .T. ) ;
#859 = CARTESIAN_POINT ( 'NONE',  ( 82.31557716302472727, 4.500000000000000000, 5.500000000000087930 ) ) ;
#860 = ORIENTED_EDGE ( 'NONE', *, *, #1463, .T. ) ;
#861 = DIRECTION ( 'NONE',  ( 0.000000000000000000, 0.000000000000000000, -1.000000000000000000 ) ) ;
#862 = ORIENTED_EDGE ( 'NONE', *, *, #629, .F. ) ;
#863 = CARTESIAN_POINT ( 'NONE',  ( -69.95004589892869262, 0.000000000000000000, -18.50000000000001066 ) ) ;
#864 = PLANE ( 'NONE',  #2053 ) ;
#865 = CARTESIAN_POINT ( 'NONE',  ( -69.95004589892869262, 7.500000000000000000, 16.09999999999999076 ) ) ;
#866 = CIRCLE ( 'NONE', #1250, 3.499999999999994227 ) ;
#867 = DIRECTION ( 'NONE',  ( 0.000000000000000000, 1.000000000000000000, 0.000000000000000000 ) ) ;
#868 = CARTESIAN_POINT ( 'NONE',  ( -69.95004589892869262, 7.500000000000000000, 11.89999999999998082 ) ) ;
#869 = VECTOR ( 'NONE', #19, 1000.000000000000000 ) ;
#870 = ORIENTED_EDGE ( 'NONE', *, *, #1220, .F. ) ;
#871 = CARTESIAN_POINT ( 'NONE',  ( -85.45004589892869262, 4.500000000000000000, -14.00000000000001243 ) ) ;
#872 = DIRECTION ( 'NONE',  ( -0.000000000000000000, -0.000000000000000000, -1.000000000000000000 ) ) ;
#873 = CIRCLE ( 'NONE', #547, 3.000000000000002665 ) ;
#874 = VERTEX_POINT ( 'NONE', #821 ) ;
#875 = DIRECTION ( 'NONE',  ( -1.000000000000000000, -0.000000000000000000, -0.000000000000000000 ) ) ;
#876 = CARTESIAN_POINT ( 'NONE',  ( -89.95004589892869262, 4.500000000000000000, 16.09999999999997655 ) ) ;
#877 = LINE ( 'NONE', #345, #820 ) ;
#878 = CIRCLE ( 'NONE', #67, 3.000000000000002665 ) ;
#879 = DIRECTION ( 'NONE',  ( -0.000000000000000000, -1.000000000000000000, -0.000000000000000000 ) ) ;
#880 = DIRECTION ( 'NONE',  ( -0.000000000000000000, -1.000000000000000000, -0.000000000000000000 ) ) ;
#881 = ADVANCED_FACE ( 'NONE', ( #2260, #255 ), #1364, .T. ) ;
#882 = CARTESIAN_POINT ( 'NONE',  ( -69.95004589892869262, 0.000000000000000000, 13.99999999999998401 ) ) ;
#883 = ORIENTED_EDGE ( 'NONE', *, *, #2219, .F. ) ;
#884 = DIRECTION ( 'NONE',  ( 0.000000000000000000, 1.000000000000000000, 0.000000000000000000 ) ) ;
#885 = CARTESIAN_POINT ( 'NONE',  ( 6.450045898928672194, 0.000000000000000000, 18.49999999999998934 ) ) ;
#886 = ORIENTED_EDGE ( 'NONE', *, *, #1449, .T. ) ;
#887 = CARTESIAN_POINT ( 'NONE',  ( 89.45004589892866420, 0.000000000000000000, -18.50000000000001066 ) ) ;
#888 = VECTOR ( 'NONE', #207, 1000.000000000000000 ) ;
#889 = AXIS2_PLACEMENT_3D ( 'NONE', #1540, #2085, #1012 ) ;
#890 = FACE_OUTER_BOUND ( 'NONE', #1892, .T. ) ;
#891 = DIRECTION ( 'NONE',  ( -0.000000000000000000, -1.000000000000000000, -0.000000000000000000 ) ) ;
#892 = DIRECTION ( 'NONE',  ( -0.000000000000000000, -1.000000000000000000, -0.000000000000000000 ) ) ;
#893 = DIRECTION ( 'NONE',  ( 0.000000000000000000, 0.000000000000000000, 1.000000000000000000 ) ) ;
#894 = ADVANCED_FACE ( 'NONE', ( #1185 ), #1907, .F. ) ;
#895 = VERTEX_POINT ( 'NONE', #681 ) ;
#896 = DIRECTION ( 'NONE',  ( 1.000000000000000000, 0.000000000000000000, 0.000000000000000000 ) ) ;
#897 = CARTESIAN_POINT ( 'NONE',  ( -66.95004589892866420, 0.000000000000000000, 5.500000000000087930 ) ) ;
#898 = ORIENTED_EDGE ( 'NONE', *, *, #497, .F. ) ;
#899 = DIRECTION ( 'NONE',  ( -0.000000000000000000, -1.000000000000000000, -0.000000000000000000 ) ) ;
#900 = CIRCLE ( 'NONE', #685, 3.000000000000002665 ) ;
#901 = CARTESIAN_POINT ( 'NONE',  ( -69.95004589892869262, 0.000000000000000000, -9.500000000000008882 ) ) ;
#902 = EDGE_CURVE ( 'NONE', #109, #1992, #1417, .T. ) ;
#903 = LINE ( 'NONE', #551, #869 ) ;
#904 = CARTESIAN_POINT ( 'NONE',  ( 1.450045898928671528, 0.000000000000000000, -18.50000000000001066 ) ) ;
#905 = CIRCLE ( 'NONE', #1661, 3.000000000000002665 ) ;
#906 = ORIENTED_EDGE ( 'NONE', *, *, #93, .F. ) ;
#907 = CARTESIAN_POINT ( 'NONE',  ( 82.31557716302472727, 4.500000000000000000, -5.500000000000019540 ) ) ;
#908 = ORIENTED_EDGE ( 'NONE', *, *, #60, .F. ) ;
#909 = DIRECTION ( 'NONE',  ( 0.000000000000000000, 1.000000000000000000, 0.000000000000000000 ) ) ;
#910 = CARTESIAN_POINT ( 'NONE',  ( -85.45004589892869262, 0.000000000000000000, -2.500000000000003553 ) ) ;
#911 = LINE ( 'NONE', #1058, #1633 ) ;
#912 = CARTESIAN_POINT ( 'NONE',  ( -89.95004589892869262, 4.500000000000000000, -14.00000000000001243 ) ) ;
#913 = FACE_OUTER_BOUND ( 'NONE', #486, .T. ) ;
#914 = PLANE ( 'NONE',  #1175 ) ;
#915 = EDGE_CURVE ( 'NONE', #1890, #431, #163, .T. ) ;
#916 = VERTEX_POINT ( 'NONE', #1962 ) ;
#917 = DIRECTION ( 'NONE',  ( -1.000000000000000000, 0.000000000000000000, -0.000000000000000000 ) ) ;
#918 = ORIENTED_EDGE ( 'NONE', *, *, #576, .T. ) ;
#919 = CYLINDRICAL_SURFACE ( 'NONE', #1322, 4.499999999999997335 ) ;
#920 = ORIENTED_EDGE ( 'NONE', *, *, #351, .T. ) ;
#921 = EDGE_CURVE ( 'NONE', #1171, #741, #663, .T. ) ;
#922 = DIRECTION ( 'NONE',  ( 0.000000000000000000, 1.000000000000000000, 0.000000000000000000 ) ) ;
#923 = CIRCLE ( 'NONE', #2250, 3.000000000000002665 ) ;
#924 = CIRCLE ( 'NONE', #1230, 3.000000000000002665 ) ;
#925 = CARTESIAN_POINT ( 'NONE',  ( -69.95004589892869262, 4.500000000000000000, 8.500000000000104805 ) ) ;
#926 = VECTOR ( 'NONE', #1725, 1000.000000000000000 ) ;
#927 = FACE_BOUND ( 'NONE', #1706, .T. ) ;
#928 = EDGE_CURVE ( 'NONE', #75, #1746, #1062, .T. ) ;
#929 = DIRECTION ( 'NONE',  ( 0.000000000000000000, 1.000000000000000000, 0.000000000000000000 ) ) ;
#930 = EDGE_LOOP ( 'NONE', ( #586, #1365, #1296, #2166 ) ) ;
#931 = ORIENTED_EDGE ( 'NONE', *, *, #1668, .T. ) ;
#932 = ORIENTED_EDGE ( 'NONE', *, *, #1475, .F. ) ;
#933 = FACE_OUTER_BOUND ( 'NONE', #1366, .T. ) ;
#934 = DIRECTION ( 'NONE',  ( 0.000000000000000000, 0.000000000000000000, -1.000000000000000000 ) ) ;
#935 = EDGE_LOOP ( 'NONE', ( #541, #403, #995, #1490 ) ) ;
#936 = ORIENTED_EDGE ( 'NONE', *, *, #2294, .F. ) ;
#937 = DIRECTION ( 'NONE',  ( 0.000000000000000000, 1.000000000000000000, 0.000000000000000000 ) ) ;
#938 = DIRECTION ( 'NONE',  ( -0.000000000000000000, -1.000000000000000000, -0.000000000000000000 ) ) ;
#939 = EDGE_CURVE ( 'NONE', #448, #53, #246, .T. ) ;
#940 = FACE_OUTER_BOUND ( 'NONE', #216, .T. ) ;
#941 = ORIENTED_EDGE ( 'NONE', *, *, #1882, .T. ) ;
#942 = AXIS2_PLACEMENT_3D ( 'NONE', #1499, #1127, #806 ) ;
#943 = FACE_OUTER_BOUND ( 'NONE', #200, .T. ) ;
#944 = ORIENTED_EDGE ( 'NONE', *, *, #2033, .T. ) ;
#945 = CIRCLE ( 'NONE', #761, 3.499999999999992895 ) ;
#946 = ORIENTED_EDGE ( 'NONE', *, *, #2264, .F. ) ;
#947 = ORIENTED_EDGE ( 'NONE', *, *, #2271, .T. ) ;
#948 = AXIS2_PLACEMENT_3D ( 'NONE', #659, #1320, #1544 ) ;
#949 = LINE ( 'NONE', #1672, #957 ) ;
#950 = DIRECTION ( 'NONE',  ( -0.000000000000000000, -1.000000000000000000, -0.000000000000000000 ) ) ;
#951 = LINE ( 'NONE', #105, #209 ) ;
#952 = ORIENTED_EDGE ( 'NONE', *, *, #2310, .T. ) ;
#953 = UNCERTAINTY_MEASURE_WITH_UNIT (LENGTH_MEASURE( 1.000000000000000082E-05 ), #386, 'distance_accuracy_value', 'NONE');
#954 = CARTESIAN_POINT ( 'NONE',  ( 9.450045898928671306, 0.000000000000000000, 5.500000000000102141 ) ) ;
#955 = ORIENTED_EDGE ( 'NONE', *, *, #747, .T. ) ;
#956 = CARTESIAN_POINT ( 'NONE',  ( 1.450045898928671528, 0.000000000000000000, 13.49999999999998401 ) ) ;
#957 = VECTOR ( 'NONE', #1101, 1000.000000000000000 ) ;
#958 = AXIS2_PLACEMENT_3D ( 'NONE', #175, #1777, #555 ) ;
#959 = CARTESIAN_POINT ( 'NONE',  ( 1.450045898928671528, 4.500000000000000000, 8.500000000000104805 ) ) ;
#960 = ORIENTED_EDGE ( 'NONE', *, *, #722, .T. ) ;
#961 = ORIENTED_EDGE ( 'NONE', *, *, #603, .T. ) ;
#962 = CARTESIAN_POINT ( 'NONE',  ( -77.45004589892870683, 4.500000000000000000, -5.500000000000018652 ) ) ;
#963 = VERTEX_POINT ( 'NONE', #840 ) ;
#964 = ADVANCED_FACE ( 'NONE', ( #674 ), #1757, .F. ) ;
#965 = DIRECTION ( 'NONE',  ( 0.000000000000000000, -0.000000000000000000, 1.000000000000000000 ) ) ;
#966 = ORIENTED_EDGE ( 'NONE', *, *, #1046, .F. ) ;
#967 = ORIENTED_EDGE ( 'NONE', *, *, #2315, .F. ) ;
#968 = CARTESIAN_POINT ( 'NONE',  ( 89.45004589892866420, 4.500000000000000000, -18.50000000000001066 ) ) ;
#969 = CARTESIAN_POINT ( 'NONE',  ( -89.95004589892869262, 0.000000000000000000, 13.99999999999998401 ) ) ;
#970 = EDGE_LOOP ( 'NONE', ( #1224, #1390, #2213, #447 ) ) ;
#971 = LINE ( 'NONE', #794, #1971 ) ;
#972 = EDGE_LOOP ( 'NONE', ( #1571, #788, #1092, #999 ) ) ;
#973 = CYLINDRICAL_SURFACE ( 'NONE', #581, 3.000000000000002665 ) ;
#974 = LINE ( 'NONE', #1537, #1784 ) ;
#975 = DIRECTION ( 'NONE',  ( 0.000000000000000000, 0.000000000000000000, 1.000000000000000000 ) ) ;
#976 = EDGE_CURVE ( 'NONE', #380, #243, #1548, .T. ) ;
#977 = CIRCLE ( 'NONE', #2120, 5.000000000000024869 ) ;
#978 = DIRECTION ( 'NONE',  ( -0.000000000000000000, -1.000000000000000000, -0.000000000000000000 ) ) ;
#979 = PLANE ( 'NONE',  #1727 ) ;
#980 = AXIS2_PLACEMENT_3D ( 'NONE', #2228, #1361, #1158 ) ;
#981 = FACE_OUTER_BOUND ( 'NONE', #494, .T. ) ;
#982 = VERTEX_POINT ( 'NONE', #1261 ) ;
#983 = ADVANCED_FACE ( 'NONE', ( #2173, #1984, #1084, #1804, #229, #526, #1972, #1815, #1960, #375, #357 ), #1072, .F. ) ;
#984 = ADVANCED_FACE ( 'NONE', ( #1951 ), #195, .F. ) ;
#985 = PRODUCT_RELATED_PRODUCT_CATEGORY ( 'part', '', ( #1601 ) ) ;
#986 = ORIENTED_EDGE ( 'NONE', *, *, #93, .T. ) ;
#987 = CARTESIAN_POINT ( 'NONE',  ( 89.45004589892866420, 4.500000000000000000, -15.00000000000001421 ) ) ;
#988 = AXIS2_PLACEMENT_3D ( 'NONE', #1615, #2165, #1074 ) ;
#989 = CARTESIAN_POINT ( 'NONE',  ( 89.45004589892866420, 4.500000000000000000, 13.49999999999996270 ) ) ;
#990 = VECTOR ( 'NONE', #849, 1000.000000000000000 ) ;
#991 = CARTESIAN_POINT ( 'NONE',  ( 89.45004589892866420, 4.500000000000000000, -18.50000000000001066 ) ) ;
#992 = ORIENTED_EDGE ( 'NONE', *, *, #2140, .F. ) ;
#993 = DIRECTION ( 'NONE',  ( -1.000000000000000000, -0.000000000000000000, -0.000000000000000000 ) ) ;
#994 = EDGE_CURVE ( 'NONE', #475, #1580, #579, .T. ) ;
#995 = ORIENTED_EDGE ( 'NONE', *, *, #1427, .T. ) ;
#996 = DIRECTION ( 'NONE',  ( -0.000000000000000000, -1.000000000000000000, -0.000000000000000000 ) ) ;
#997 = ORIENTED_EDGE ( 'NONE', *, *, #2219, .T. ) ;
#998 = CARTESIAN_POINT ( 'NONE',  ( -1.549954101071331136, 4.500000000000000000, 8.500000000000090594 ) ) ;
#999 = ORIENTED_EDGE ( 'NONE', *, *, #1207, .T. ) ;
#1000 = DIRECTION ( 'NONE',  ( -0.000000000000000000, -1.000000000000000000, -0.000000000000000000 ) ) ;
#1001 = CARTESIAN_POINT ( 'NONE',  ( -69.95004589892869262, 0.000000000000000000, -14.00000000000001243 ) ) ;
#1002 = LINE ( 'NONE', #456, #1456 ) ;
#1003 = VECTOR ( 'NONE', #1136, 1000.000000000000000 ) ;
#1004 = LINE ( 'NONE', #630, #147 ) ;
#1005 = ORIENTED_EDGE ( 'NONE', *, *, #737, .F. ) ;
#1006 = AXIS2_PLACEMENT_3D ( 'NONE', #1515, #1179, #136 ) ;
#1007 = AXIS2_PLACEMENT_3D ( 'NONE', #954, #81, #2220 ) ;
#1008 = VECTOR ( 'NONE', #723, 1000.000000000000000 ) ;
#1009 = ADVANCED_FACE ( 'NONE', ( #9, #1625, #20, #739, #563, #1091, #213 ), #914, .T. ) ;
#1010 = CARTESIAN_POINT ( 'NONE',  ( 1.450045898928671528, 4.500000000000000000, -18.50000000000001066 ) ) ;
#1011 = ORIENTED_EDGE ( 'NONE', *, *, #1214, .F. ) ;
#1012 = DIRECTION ( 'NONE',  ( 0.000000000000000000, 0.000000000000000000, -1.000000000000000000 ) ) ;
#1013 = CARTESIAN_POINT ( 'NONE',  ( 6.450045898928669530, 4.500000000000000000, -18.50000000000001066 ) ) ;
#1014 = DIRECTION ( 'NONE',  ( 0.000000000000000000, 0.000000000000000000, -1.000000000000000000 ) ) ;
#1015 = CARTESIAN_POINT ( 'NONE',  ( -66.95004589892866420, 4.500000000000000000, 5.500000000000087930 ) ) ;
#1016 = CARTESIAN_POINT ( 'NONE',  ( 6.450045898928669530, 0.000000000000000000, -5.500000000000018652 ) ) ;
#1017 = EDGE_CURVE ( 'NONE', #1687, #475, #2046, .T. ) ;
#1018 = EDGE_CURVE ( 'NONE', #1377, #874, #1814, .T. ) ;
#1019 = EDGE_LOOP ( 'NONE', ( #1806, #1965, #2288, #114 ) ) ;
#1020 = DIRECTION ( 'NONE',  ( -0.000000000000000000, -0.000000000000000000, -1.000000000000000000 ) ) ;
#1021 =( GEOMETRIC_REPRESENTATION_CONTEXT ( 3 ) GLOBAL_UNCERTAINTY_ASSIGNED_CONTEXT ( ( #953 ) ) GLOBAL_UNIT_ASSIGNED_CONTEXT ( ( #386, #1467, #2183 ) ) REPRESENTATION_CONTEXT ( 'NONE', 'WORKASPACE' ) );
#1022 = ORIENTED_EDGE ( 'NONE', *, *, #141, .F. ) ;
#1023 = CARTESIAN_POINT ( 'NONE',  ( -77.45004589892870683, 4.500000000000000000, 5.500000000000087930 ) ) ;
#1024 = CARTESIAN_POINT ( 'NONE',  ( 9.450045898928692623, 4.500000000000000000, 8.500000000000104805 ) ) ;
#1025 = CARTESIAN_POINT ( 'NONE',  ( -77.45004589892870683, 0.000000000000000000, 5.500000000000087930 ) ) ;
#1026 = CARTESIAN_POINT ( 'NONE',  ( -85.45004589892869262, 4.500000000000000000, -2.500000000000002220 ) ) ;
#1027 = AXIS2_PLACEMENT_3D ( 'NONE', #1010, #704, #2287 ) ;
#1028 = LINE ( 'NONE', #1754, #594 ) ;
#1029 = ORIENTED_EDGE ( 'NONE', *, *, #532, .T. ) ;
#1030 = DIRECTION ( 'NONE',  ( 0.000000000000000000, 1.000000000000000000, 0.000000000000000000 ) ) ;
#1031 = CIRCLE ( 'NONE', #335, 4.499999999999997335 ) ;
#1032 = CARTESIAN_POINT ( 'NONE',  ( 1.450045898928671528, 4.500000000000000000, 13.49999999999998401 ) ) ;
#1033 = CARTESIAN_POINT ( 'NONE',  ( -89.95004589892869262, 4.500000000000000000, -9.500000000000015987 ) ) ;
#1034 = FACE_OUTER_BOUND ( 'NONE', #2208, .T. ) ;
#1035 = CARTESIAN_POINT ( 'NONE',  ( 82.31557716302472727, 4.500000000000000000, 5.500000000000087930 ) ) ;
#1036 = AXIS2_PLACEMENT_3D ( 'NONE', #625, #1381, #2096 ) ;
#1037 = CARTESIAN_POINT ( 'NONE',  ( -85.45004589892869262, 4.500000000000000000, -14.00000000000001243 ) ) ;
#1038 = DIRECTION ( 'NONE',  ( 0.000000000000000000, 0.000000000000000000, -1.000000000000000000 ) ) ;
#1039 = DIRECTION ( 'NONE',  ( -0.000000000000000000, -1.000000000000000000, -0.000000000000000000 ) ) ;
#1040 = AXIS2_PLACEMENT_3D ( 'NONE', #1543, #1918, #366 ) ;
#1041 = CIRCLE ( 'NONE', #31, 3.500000000000001332 ) ;
#1042 = VECTOR ( 'NONE', #1781, 1000.000000000000000 ) ;
#1043 = ORIENTED_EDGE ( 'NONE', *, *, #548, .F. ) ;
#1044 = AXIS2_PLACEMENT_3D ( 'NONE', #521, #855, #1256 ) ;
#1045 = ORIENTED_EDGE ( 'NONE', *, *, #719, .T. ) ;
#1046 = EDGE_CURVE ( 'NONE', #2069, #1821, #1779, .T. ) ;
#1047 = EDGE_CURVE ( 'NONE', #963, #2215, #517, .T. ) ;
#1048 = CARTESIAN_POINT ( 'NONE',  ( -69.95004589892869262, 0.000000000000000000, 8.500000000000104805 ) ) ;
#1049 = DIRECTION ( 'NONE',  ( -0.000000000000000000, -1.000000000000000000, -0.000000000000000000 ) ) ;
#1050 = ORIENTED_EDGE ( 'NONE', *, *, #1289, .F. ) ;
#1051 = CARTESIAN_POINT ( 'NONE',  ( 89.45004589892866420, 4.500000000000000000, 18.49999999999998934 ) ) ;
#1052 = LINE ( 'NONE', #554, #1287 ) ;
#1053 = ORIENTED_EDGE ( 'NONE', *, *, #2300, .F. ) ;
#1054 = CARTESIAN_POINT ( 'NONE',  ( 89.45004589892866420, 0.000000000000000000, 18.49999999999998934 ) ) ;
#1055 = CARTESIAN_POINT ( 'NONE',  ( 1.450045898928671528, 0.000000000000000000, -18.50000000000001066 ) ) ;
#1056 = ADVANCED_FACE ( 'NONE', ( #940 ), #1294, .F. ) ;
#1057 = DIRECTION ( 'NONE',  ( 0.000000000000000000, 0.000000000000000000, 1.000000000000000000 ) ) ;
#1058 = CARTESIAN_POINT ( 'NONE',  ( -69.95004589892869262, 0.000000000000000000, 8.500000000000104805 ) ) ;
#1059 = VECTOR ( 'NONE', #899, 1000.000000000000000 ) ;
#1060 = DIRECTION ( 'NONE',  ( 0.000000000000000000, 0.000000000000000000, 1.000000000000000000 ) ) ;
#1061 = DIRECTION ( 'NONE',  ( 0.000000000000000000, 0.000000000000000000, -1.000000000000000000 ) ) ;
#1062 = LINE ( 'NONE', #1033, #329 ) ;
#1063 = VERTEX_POINT ( 'NONE', #438 ) ;
#1064 = CARTESIAN_POINT ( 'NONE',  ( -77.45004589892870683, 4.500000000000000000, -5.500000000000018652 ) ) ;
#1065 = ORIENTED_EDGE ( 'NONE', *, *, #2092, .F. ) ;
#1066 = LINE ( 'NONE', #1594, #815 ) ;
#1067 = DIRECTION ( 'NONE',  ( 0.000000000000000000, 0.000000000000000000, -1.000000000000000000 ) ) ;
#1068 = CARTESIAN_POINT ( 'NONE',  ( -66.95004589892869262, 0.000000000000000000, -8.500000000000021316 ) ) ;
#1069 = EDGE_CURVE ( 'NONE', #119, #1580, #47, .T. ) ;
#1070 = DIRECTION ( 'NONE',  ( 0.000000000000000000, 0.000000000000000000, 1.000000000000000000 ) ) ;
#1071 = EDGE_CURVE ( 'NONE', #1787, #239, #1660, .T. ) ;
#1072 = PLANE ( 'NONE',  #1623 ) ;
#1073 = ORIENTED_EDGE ( 'NONE', *, *, #1617, .T. ) ;
#1074 = DIRECTION ( 'NONE',  ( 0.000000000000000000, 0.000000000000000000, 1.000000000000000000 ) ) ;
#1075 = ORIENTED_EDGE ( 'NONE', *, *, #1207, .F. ) ;
#1076 = VECTOR ( 'NONE', #411, 1000.000000000000000 ) ;
#1077 = CARTESIAN_POINT ( 'NONE',  ( 1.450045898928671972, 4.500000000000000000, 21.99999999999998934 ) ) ;
#1078 = VECTOR ( 'NONE', #1914, 1000.000000000000000 ) ;
#1079 = EDGE_CURVE ( 'NONE', #874, #777, #157, .T. ) ;
#1080 = DIRECTION ( 'NONE',  ( -0.000000000000000000, -1.000000000000000000, -0.000000000000000000 ) ) ;
#1081 = CARTESIAN_POINT ( 'NONE',  ( -69.95004589892869262, 4.500000000000000000, 11.89999999999998082 ) ) ;
#1082 = CARTESIAN_POINT ( 'NONE',  ( -69.95004589892869262, 4.500000000000000000, 13.99999999999998401 ) ) ;
#1083 = EDGE_CURVE ( 'NONE', #590, #1137, #2214, .T. ) ;
#1084 = FACE_BOUND ( 'NONE', #1817, .T. ) ;
#1085 = ORIENTED_EDGE ( 'NONE', *, *, #655, .T. ) ;
#1086 = ORIENTED_EDGE ( 'NONE', *, *, #1234, .T. ) ;
#1087 = VECTOR ( 'NONE', #2110, 1000.000000000000000 ) ;
#1088 = DIRECTION ( 'NONE',  ( 0.000000000000000000, 1.000000000000000000, 0.000000000000000000 ) ) ;
#1089 = CARTESIAN_POINT ( 'NONE',  ( -1.549954101071351786, 0.000000000000000000, 5.500000000000087930 ) ) ;
#1090 = DIRECTION ( 'NONE',  ( 0.000000000000000000, 0.000000000000000000, -1.000000000000000000 ) ) ;
#1091 = FACE_BOUND ( 'NONE', #25, .T. ) ;
#1092 = ORIENTED_EDGE ( 'NONE', *, *, #2140, .T. ) ;
#1093 = EDGE_CURVE ( 'NONE', #1787, #1514, #2201, .T. ) ;
#1094 = VERTEX_POINT ( 'NONE', #1861 ) ;
#1095 = EDGE_CURVE ( 'NONE', #304, #2075, #1505, .T. ) ;
#1096 = DIRECTION ( 'NONE',  ( 0.000000000000000000, 1.000000000000000000, 0.000000000000000000 ) ) ;
#1097 = DIRECTION ( 'NONE',  ( -1.000000000000000000, 0.000000000000000000, -0.000000000000000000 ) ) ;
#1098 = ORIENTED_EDGE ( 'NONE', *, *, #575, .F. ) ;
#1099 = AXIS2_PLACEMENT_3D ( 'NONE', #1799, #174, #1396 ) ;
#1100 = ORIENTED_EDGE ( 'NONE', *, *, #476, .T. ) ;
#1101 = DIRECTION ( 'NONE',  ( -0.000000000000000000, -1.000000000000000000, -0.000000000000000000 ) ) ;
#1102 = ORIENTED_EDGE ( 'NONE', *, *, #503, .T. ) ;
#1103 = CARTESIAN_POINT ( 'NONE',  ( 89.45004589892866420, 4.500000000000000000, -18.50000000000001066 ) ) ;
#1104 = ORIENTED_EDGE ( 'NONE', *, *, #129, .T. ) ;
#1105 = ORIENTED_EDGE ( 'NONE', *, *, #1836, .F. ) ;
#1106 = EDGE_CURVE ( 'NONE', #119, #1687, #2055, .T. ) ;
#1107 = AXIS2_PLACEMENT_3D ( 'NONE', #324, #2238, #127 ) ;
#1108 = CIRCLE ( 'NONE', #443, 3.500000000000001332 ) ;
#1109 = CARTESIAN_POINT ( 'NONE',  ( 89.45004589892866420, 4.500000000000000000, 18.49999999999998934 ) ) ;
#1110 = ORIENTED_EDGE ( 'NONE', *, *, #167, .F. ) ;
#1111 = AXIS2_PLACEMENT_3D ( 'NONE', #1068, #725, #714 ) ;
#1112 = ORIENTED_EDGE ( 'NONE', *, *, #62, .F. ) ;
#1113 = FACE_OUTER_BOUND ( 'NONE', #2298, .T. ) ;
#1114 = CARTESIAN_POINT ( 'NONE',  ( -74.45004589892869262, 0.000000000000000000, -2.500000000000002220 ) ) ;
#1115 = DIRECTION ( 'NONE',  ( 0.000000000000000000, 0.000000000000000000, 1.000000000000000000 ) ) ;
#1116 = ORIENTED_EDGE ( 'NONE', *, *, #2301, .F. ) ;
#1117 = DIRECTION ( 'NONE',  ( 0.000000000000000000, 0.000000000000000000, 1.000000000000000000 ) ) ;
#1118 = VERTEX_POINT ( 'NONE', #249 ) ;
#1119 = DIRECTION ( 'NONE',  ( 0.000000000000000000, 0.000000000000000000, 1.000000000000000000 ) ) ;
#1120 = EDGE_CURVE ( 'NONE', #843, #1118, #2035, .T. ) ;
#1121 = LINE ( 'NONE', #2192, #343 ) ;
#1122 = CARTESIAN_POINT ( 'NONE',  ( 1.450045898928671528, 4.500000000000000000, -18.50000000000001066 ) ) ;
#1123 = ORIENTED_EDGE ( 'NONE', *, *, #823, .T. ) ;
#1124 = EDGE_CURVE ( 'NONE', #895, #288, #949, .T. ) ;
#1125 = AXIS2_PLACEMENT_3D ( 'NONE', #1832, #414, #1097 ) ;
#1126 = DIRECTION ( 'NONE',  ( 0.000000000000000000, 0.000000000000000000, -1.000000000000000000 ) ) ;
#1127 = DIRECTION ( 'NONE',  ( 0.000000000000000000, 1.000000000000000000, 0.000000000000000000 ) ) ;
#1128 = ORIENTED_EDGE ( 'NONE', *, *, #2189, .T. ) ;
#1129 = LINE ( 'NONE', #219, #247 ) ;
#1130 = VECTOR ( 'NONE', #445, 1000.000000000000000 ) ;
#1131 = DIRECTION ( 'NONE',  ( 0.000000000000000000, 0.000000000000000000, 1.000000000000000000 ) ) ;
#1132 = EDGE_LOOP ( 'NONE', ( #808, #1050 ) ) ;
#1133 = ORIENTED_EDGE ( 'NONE', *, *, #2315, .T. ) ;
#1134 = DIRECTION ( 'NONE',  ( 0.000000000000000000, 1.000000000000000000, 0.000000000000000000 ) ) ;
#1135 = CIRCLE ( 'NONE', #1555, 3.499999999999992895 ) ;
#1136 = DIRECTION ( 'NONE',  ( -0.000000000000000000, -0.000000000000000000, -1.000000000000000000 ) ) ;
#1137 = VERTEX_POINT ( 'NONE', #262 ) ;
#1138 = ADVANCED_FACE ( 'NONE', ( #1876 ), #572, .F. ) ;
#1139 =( NAMED_UNIT ( * ) PLANE_ANGLE_UNIT ( ) SI_UNIT ( $, .RADIAN. ) );
#1140 = CARTESIAN_POINT ( 'NONE',  ( -89.95004589892869262, 4.500000000000000000, 13.99999999999998401 ) ) ;
#1141 = ORIENTED_EDGE ( 'NONE', *, *, #2119, .F. ) ;
#1142 = DIRECTION ( 'NONE',  ( -0.000000000000000000, -1.000000000000000000, -0.000000000000000000 ) ) ;
#1143 = ORIENTED_EDGE ( 'NONE', *, *, #1682, .F. ) ;
#1144 = PRODUCT_DEFINITION_CONTEXT ( 'detailed design', #418, 'design' ) ;
#1145 = FACE_OUTER_BOUND ( 'NONE', #2223, .T. ) ;
#1146 = CARTESIAN_POINT ( 'NONE',  ( -1.549954101071351786, 4.500000000000000000, -5.500000000000018652 ) ) ;
#1147 = DIRECTION ( 'NONE',  ( -0.000000000000000000, -1.000000000000000000, -0.000000000000000000 ) ) ;
#1148 = ADVANCED_FACE ( 'NONE', ( #606 ), #1826, .F. ) ;
#1149 = ORIENTED_EDGE ( 'NONE', *, *, #1214, .T. ) ;
#1150 = VECTOR ( 'NONE', #1980, 1000.000000000000000 ) ;
#1151 = ORIENTED_EDGE ( 'NONE', *, *, #1794, .F. ) ;
#1152 = CARTESIAN_POINT ( 'NONE',  ( -89.95004589892869262, 0.000000000000000000, -18.50000000000001066 ) ) ;
#1153 = CIRCLE ( 'NONE', #1869, 4.999999999999997335 ) ;
#1154 = AXIS2_PLACEMENT_3D ( 'NONE', #558, #1049, #191 ) ;
#1155 = VECTOR ( 'NONE', #1080, 1000.000000000000000 ) ;
#1156 = DIRECTION ( 'NONE',  ( -0.000000000000000000, -0.000000000000000000, -1.000000000000000000 ) ) ;
#1157 = ORIENTED_EDGE ( 'NONE', *, *, #1795, .F. ) ;
#1158 = DIRECTION ( 'NONE',  ( 0.000000000000000000, 0.000000000000000000, 1.000000000000000000 ) ) ;
#1159 = ORIENTED_EDGE ( 'NONE', *, *, #976, .T. ) ;
#1160 = DIRECTION ( 'NONE',  ( -0.000000000000000000, -1.000000000000000000, -0.000000000000000000 ) ) ;
#1161 = ORIENTED_EDGE ( 'NONE', *, *, #680, .F. ) ;
#1162 = CARTESIAN_POINT ( 'NONE',  ( 89.45004589892866420, 0.000000000000000000, -18.50000000000001066 ) ) ;
#1163 = DIRECTION ( 'NONE',  ( -0.000000000000000000, -1.000000000000000000, -0.000000000000000000 ) ) ;
#1164 = EDGE_LOOP ( 'NONE', ( #65, #623, #2180, #1825 ) ) ;
#1165 = EDGE_LOOP ( 'NONE', ( #1798, #2199, #1265, #2002 ) ) ;
#1166 = DIRECTION ( 'NONE',  ( 0.000000000000000000, 0.000000000000000000, -1.000000000000000000 ) ) ;
#1167 = ADVANCED_FACE ( 'NONE', ( #402, #927 ), #757, .T. ) ;
#1168 = FACE_OUTER_BOUND ( 'NONE', #87, .T. ) ;
#1169 = DIRECTION ( 'NONE',  ( -0.000000000000000000, -1.000000000000000000, -0.000000000000000000 ) ) ;
#1170 = ORIENTED_EDGE ( 'NONE', *, *, #509, .T. ) ;
#1171 = VERTEX_POINT ( 'NONE', #1016 ) ;
#1172 = CARTESIAN_POINT ( 'NONE',  ( -85.45004589892867841, 4.500000000000000000, 13.99999999999998401 ) ) ;
#1173 = CARTESIAN_POINT ( 'NONE',  ( -89.95004589892869262, 4.500000000000000000, -11.90000000000002167 ) ) ;
#1174 = EDGE_LOOP ( 'NONE', ( #333, #790, #1123, #644, #433 ) ) ;
#1175 = AXIS2_PLACEMENT_3D ( 'NONE', #100, #771, #791 ) ;
#1176 = ADVANCED_FACE ( 'NONE', ( #1728 ), #1741, .F. ) ;
#1177 = DIRECTION ( 'NONE',  ( 0.000000000000000000, 0.000000000000000000, 1.000000000000000000 ) ) ;
#1178 = VERTEX_POINT ( 'NONE', #150 ) ;
#1179 = DIRECTION ( 'NONE',  ( -0.000000000000000000, -1.000000000000000000, -0.000000000000000000 ) ) ;
#1180 = CARTESIAN_POINT ( 'NONE',  ( -69.95004589892869262, 7.500000000000000000, -16.10000000000001563 ) ) ;
#1181 = VECTOR ( 'NONE', #2118, 1000.000000000000000 ) ;
#1182 = CARTESIAN_POINT ( 'NONE',  ( -77.45004589892869262, 4.500000000000000000, 2.500000000000085265 ) ) ;
#1183 = EDGE_CURVE ( 'NONE', #2176, #2174, #1066, .T. ) ;
#1184 = ORIENTED_EDGE ( 'NONE', *, *, #170, .F. ) ;
#1185 = FACE_OUTER_BOUND ( 'NONE', #387, .T. ) ;
#1186 = ORIENTED_EDGE ( 'NONE', *, *, #235, .F. ) ;
#1187 = CARTESIAN_POINT ( 'NONE',  ( -89.95004589892869262, 0.000000000000000000, 16.09999999999997655 ) ) ;
#1188 = CARTESIAN_POINT ( 'NONE',  ( 9.450045898928692623, 0.000000000000000000, 8.500000000000104805 ) ) ;
#1189 = ORIENTED_EDGE ( 'NONE', *, *, #1673, .F. ) ;
#1191 = ADVANCED_FACE ( 'NONE', ( #1168 ), #1193, .F. ) ;
#1190 = LINE ( 'NONE', #1383, #2023 ) ;
#1192 = LINE ( 'NONE', #834, #926 ) ;
#1193 = PLANE ( 'NONE',  #2130 ) ;
#1194 = CIRCLE ( 'NONE', #1493, 4.499999999999997335 ) ;
#1195 = DIRECTION ( 'NONE',  ( -0.000000000000000000, -1.000000000000000000, -0.000000000000000000 ) ) ;
#1196 = ORIENTED_EDGE ( 'NONE', *, *, #33, .T. ) ;
#1197 = VECTOR ( 'NONE', #466, 1000.000000000000000 ) ;
#1198 = DIRECTION ( 'NONE',  ( 0.000000000000000000, 1.000000000000000000, 0.000000000000000000 ) ) ;
#1199 = ORIENTED_EDGE ( 'NONE', *, *, #1419, .F. ) ;
#1200 = DIRECTION ( 'NONE',  ( 0.000000000000000000, 1.000000000000000000, 0.000000000000000000 ) ) ;
#1201 = CARTESIAN_POINT ( 'NONE',  ( -89.95004589892869262, 0.000000000000000000, -16.10000000000000142 ) ) ;
#1202 = CYLINDRICAL_SURFACE ( 'NONE', #2167, 3.499999999999992895 ) ;
#1203 = CYLINDRICAL_SURFACE ( 'NONE', #710, 3.500000000000001332 ) ;
#1204 = DIRECTION ( 'NONE',  ( 0.000000000000000000, 0.000000000000000000, -1.000000000000000000 ) ) ;
#1205 = ADVANCED_FACE ( 'NONE', ( #1348 ), #1384, .F. ) ;
#1206 = DIRECTION ( 'NONE',  ( 1.000000000000000000, 0.000000000000000000, -0.000000000000000000 ) ) ;
#1207 = EDGE_CURVE ( 'NONE', #1894, #288, #1153, .T. ) ;
#1208 = EDGE_LOOP ( 'NONE', ( #361, #1451 ) ) ;
#1209 = DIRECTION ( 'NONE',  ( -0.000000000000000000, -1.000000000000000000, -0.000000000000000000 ) ) ;
#1210 = CARTESIAN_POINT ( 'NONE',  ( 89.45004589892866420, 0.000000000000000000, 14.99999999999999467 ) ) ;
#1211 = CIRCLE ( 'NONE', #1807, 3.499999999999999556 ) ;
#1212 = VERTEX_POINT ( 'NONE', #481 ) ;
#1213 = EDGE_LOOP ( 'NONE', ( #496, #1735, #1589, #1631 ) ) ;
#1214 = EDGE_CURVE ( 'NONE', #566, #2174, #1002, .T. ) ;
#1215 = CARTESIAN_POINT ( 'NONE',  ( -89.95004589892869262, 7.500000000000000000, 9.499999999999980460 ) ) ;
#1216 = ORIENTED_EDGE ( 'NONE', *, *, #1266, .T. ) ;
#1217 = CARTESIAN_POINT ( 'NONE',  ( -66.95004589892866420, 4.500000000000000000, 5.500000000000087930 ) ) ;
#1218 = DIRECTION ( 'NONE',  ( 1.000000000000000000, 0.000000000000000000, 0.000000000000000000 ) ) ;
#1219 = AXIS2_PLACEMENT_3D ( 'NONE', #1082, #892, #1612 ) ;
#1220 = EDGE_CURVE ( 'NONE', #218, #1262, #1765, .T. ) ;
#1221 = ADVANCED_FACE ( 'NONE', ( #468 ), #292, .F. ) ;
#1222 = DIRECTION ( 'NONE',  ( 0.000000000000000000, 0.000000000000000000, 1.000000000000000000 ) ) ;
#1223 = CARTESIAN_POINT ( 'NONE',  ( 1.450045898928671528, 4.500000000000000000, 13.49999999999998401 ) ) ;
#1224 = ORIENTED_EDGE ( 'NONE', *, *, #479, .T. ) ;
#1225 = CARTESIAN_POINT ( 'NONE',  ( -69.95004589892869262, 7.500000000000000000, 13.99999999999998401 ) ) ;
#1226 = ORIENTED_EDGE ( 'NONE', *, *, #1838, .F. ) ;
#1227 = DIRECTION ( 'NONE',  ( 0.000000000000000000, 0.000000000000000000, 1.000000000000000000 ) ) ;
#1228 = LINE ( 'NONE', #1936, #853 ) ;
#1229 = AXIS2_PLACEMENT_3D ( 'NONE', #30, #1134, #1271 ) ;
#1230 = AXIS2_PLACEMENT_3D ( 'NONE', #211, #909, #272 ) ;
#1231 = LINE ( 'NONE', #2127, #1181 ) ;
#1232 = CIRCLE ( 'NONE', #675, 2.099999999999990763 ) ;
#1233 = ORIENTED_EDGE ( 'NONE', *, *, #240, .T. ) ;
#1234 = EDGE_CURVE ( 'NONE', #2040, #1241, #1341, .T. ) ;
#1235 = DIRECTION ( 'NONE',  ( 0.000000000000000000, 0.000000000000000000, 1.000000000000000000 ) ) ;
#1236 = FACE_OUTER_BOUND ( 'NONE', #1319, .T. ) ;
#1237 = CARTESIAN_POINT ( 'NONE',  ( 1.450045898928671528, 4.500000000000000000, 18.49999999999998934 ) ) ;
#1238 = LINE ( 'NONE', #2125, #2309 ) ;
#1239 = CARTESIAN_POINT ( 'NONE',  ( -85.45004589892869262, 0.000000000000000000, -14.00000000000001243 ) ) ;
#1240 = DIRECTION ( 'NONE',  ( 0.000000000000000000, 0.000000000000000000, -1.000000000000000000 ) ) ;
#1241 = VERTEX_POINT ( 'NONE', #989 ) ;
#1242 = DIRECTION ( 'NONE',  ( -0.000000000000000000, -1.000000000000000000, -0.000000000000000000 ) ) ;
#1243 = DIRECTION ( 'NONE',  ( 0.000000000000000000, 0.000000000000000000, 1.000000000000000000 ) ) ;
#1244 = CARTESIAN_POINT ( 'NONE',  ( -1.549954101071331136, 0.000000000000000000, 8.500000000000090594 ) ) ;
#1245 = DIRECTION ( 'NONE',  ( 0.000000000000000000, 0.000000000000000000, 1.000000000000000000 ) ) ;
#1246 = EDGE_CURVE ( 'NONE', #2176, #1212, #1636, .T. ) ;
#1247 = VECTOR ( 'NONE', #1378, 1000.000000000000000 ) ;
#1248 = CARTESIAN_POINT ( 'NONE',  ( -66.95004589892866420, 4.500000000000000000, -5.500000000000018652 ) ) ;
#1249 = EDGE_CURVE ( 'NONE', #1241, #843, #657, .T. ) ;
#1250 = AXIS2_PLACEMENT_3D ( 'NONE', #2102, #1567, #171 ) ;
#1251 = AXIS2_PLACEMENT_3D ( 'NONE', #1953, #1263, #861 ) ;
#1252 = ORIENTED_EDGE ( 'NONE', *, *, #823, .F. ) ;
#1253 = DIRECTION ( 'NONE',  ( -0.000000000000000000, -1.000000000000000000, -0.000000000000000000 ) ) ;
#1254 = LINE ( 'NONE', #720, #36 ) ;
#1255 = EDGE_LOOP ( 'NONE', ( #2043, #1856 ) ) ;
#1256 = DIRECTION ( 'NONE',  ( 0.000000000000000000, 0.000000000000000000, 1.000000000000000000 ) ) ;
#1257 = CARTESIAN_POINT ( 'NONE',  ( -66.95004589892866420, 0.000000000000000000, 5.500000000000087930 ) ) ;
#1258 = DIRECTION ( 'NONE',  ( 0.000000000000000000, 1.000000000000000000, -0.000000000000000000 ) ) ;
#1259 = EDGE_CURVE ( 'NONE', #299, #1277, #34, .T. ) ;
#1260 = DIRECTION ( 'NONE',  ( 0.000000000000000000, 0.000000000000000000, 1.000000000000000000 ) ) ;
#1261 = CARTESIAN_POINT ( 'NONE',  ( -66.95004589892866420, 0.000000000000000000, -5.500000000000018652 ) ) ;
#1262 = VERTEX_POINT ( 'NONE', #1517 ) ;
#1263 = DIRECTION ( 'NONE',  ( -0.000000000000000000, -1.000000000000000000, -0.000000000000000000 ) ) ;
#1264 = LINE ( 'NONE', #23, #1767 ) ;
#1265 = ORIENTED_EDGE ( 'NONE', *, *, #619, .T. ) ;
#1266 = EDGE_CURVE ( 'NONE', #679, #2176, #2240, .T. ) ;
#1267 = VECTOR ( 'NONE', #1584, 1000.000000000000000 ) ;
#1268 = AXIS2_PLACEMENT_3D ( 'NONE', #2122, #1945, #353 ) ;
#1269 = LINE ( 'NONE', #1257, #1150 ) ;
#1270 = DIRECTION ( 'NONE',  ( 0.000000000000000000, 0.000000000000000000, 1.000000000000000000 ) ) ;
#1271 = DIRECTION ( 'NONE',  ( 0.000000000000000000, 0.000000000000000000, 1.000000000000000000 ) ) ;
#1272 = CARTESIAN_POINT ( 'NONE',  ( 89.45004589892866420, 4.500000000000000000, -18.50000000000001066 ) ) ;
#1273 = CARTESIAN_POINT ( 'NONE',  ( -82.45004589892869262, 0.000000000000000000, -2.500000000000015987 ) ) ;
#1274 = ORIENTED_EDGE ( 'NONE', *, *, #1183, .T. ) ;
#1275 = ADVANCED_FACE ( 'NONE', ( #1360 ), #668, .F. ) ;
#1276 = EDGE_LOOP ( 'NONE', ( #1666, #992, #408, #2196 ) ) ;
#1277 = VERTEX_POINT ( 'NONE', #1928 ) ;
#1278 = EDGE_CURVE ( 'NONE', #2054, #79, #1028, .T. ) ;
#1279 = PLANE ( 'NONE',  #712 ) ;
#1280 = CARTESIAN_POINT ( 'NONE',  ( -77.45004589892869262, 0.000000000000000000, 2.500000000000085265 ) ) ;
#1281 = LINE ( 'NONE', #1659, #519 ) ;
#1282 = DIRECTION ( 'NONE',  ( 0.000000000000000000, 0.000000000000000000, -1.000000000000000000 ) ) ;
#1283 = VECTOR ( 'NONE', #2207, 1000.000000000000000 ) ;
#1284 = VECTOR ( 'NONE', #1950, 1000.000000000000000 ) ;
#1285 = EDGE_CURVE ( 'NONE', #1277, #2061, #1987, .T. ) ;
#1286 = ORIENTED_EDGE ( 'NONE', *, *, #2158, .T. ) ;
#1287 = VECTOR ( 'NONE', #1788, 1000.000000000000000 ) ;
#1288 = DIRECTION ( 'NONE',  ( -0.000000000000000000, -1.000000000000000000, -0.000000000000000000 ) ) ;
#1289 = EDGE_CURVE ( 'NONE', #578, #321, #784, .T. ) ;
#1290 = ORIENTED_EDGE ( 'NONE', *, *, #492, .T. ) ;
#1291 = CIRCLE ( 'NONE', #1669, 3.499999999999994227 ) ;
#1292 = ORIENTED_EDGE ( 'NONE', *, *, #915, .F. ) ;
#1293 = FACE_OUTER_BOUND ( 'NONE', #2039, .T. ) ;
#1294 = CYLINDRICAL_SURFACE ( 'NONE', #1527, 2.099999999999992539 ) ;
#1295 = AXIS2_PLACEMENT_3D ( 'NONE', #671, #2179, #1070 ) ;
#1296 = ORIENTED_EDGE ( 'NONE', *, *, #1285, .T. ) ;
#1297 = CARTESIAN_POINT ( 'NONE',  ( 84.45004589892862157, 4.500000000000000000, -18.50000000000001066 ) ) ;
#1298 = ORIENTED_EDGE ( 'NONE', *, *, #1246, .F. ) ;
#1299 = AXIS2_PLACEMENT_3D ( 'NONE', #2142, #836, #1903 ) ;
#1300 = DIRECTION ( 'NONE',  ( 0.000000000000000000, 0.000000000000000000, 1.000000000000000000 ) ) ;
#1301 = EDGE_CURVE ( 'NONE', #288, #2229, #1946, .T. ) ;
#1302 = AXIS2_PLACEMENT_3D ( 'NONE', #159, #713, #1761 ) ;
#1303 = VECTOR ( 'NONE', #2076, 1000.000000000000000 ) ;
#1304 = AXIS2_PLACEMENT_3D ( 'NONE', #2211, #604, #1313 ) ;
#1305 = EDGE_LOOP ( 'NONE', ( #1005, #952, #1963, #1930 ) ) ;
#1306 = DIRECTION ( 'NONE',  ( -0.000000000000000000, -0.000000000000000000, 1.000000000000000000 ) ) ;
#1307 = DIRECTION ( 'NONE',  ( 0.000000000000000000, 0.000000000000000000, 1.000000000000000000 ) ) ;
#1308 = PRODUCT_CONTEXT ( 'NONE', #624, 'mechanical' ) ;
#1309 = ORIENTED_EDGE ( 'NONE', *, *, #422, .F. ) ;
#1310 = CARTESIAN_POINT ( 'NONE',  ( -85.45004589892869262, 4.500000000000000000, -2.500000000000003553 ) ) ;
#1311 = ORIENTED_EDGE ( 'NONE', *, *, #92, .F. ) ;
#1312 = ORIENTED_EDGE ( 'NONE', *, *, #155, .F. ) ;
#1313 = DIRECTION ( 'NONE',  ( 0.000000000000000000, 0.000000000000000000, 1.000000000000000000 ) ) ;
#1314 = DIRECTION ( 'NONE',  ( 0.000000000000000000, 0.000000000000000000, 1.000000000000000000 ) ) ;
#1315 = ORIENTED_EDGE ( 'NONE', *, *, #1433, .F. ) ;
#1316 = VECTOR ( 'NONE', #314, 1000.000000000000000 ) ;
#1317 = VERTEX_POINT ( 'NONE', #1681 ) ;
#1318 = CARTESIAN_POINT ( 'NONE',  ( -82.45004589892869262, 4.500000000000000000, -2.500000000000015987 ) ) ;
#1319 = EDGE_LOOP ( 'NONE', ( #583, #553, #650, #1844 ) ) ;
#1320 = DIRECTION ( 'NONE',  ( 0.000000000000000000, 1.000000000000000000, 0.000000000000000000 ) ) ;
#1321 = ORIENTED_EDGE ( 'NONE', *, *, #2181, .T. ) ;
#1322 = AXIS2_PLACEMENT_3D ( 'NONE', #2186, #1288, #242 ) ;
#1323 = DIRECTION ( 'NONE',  ( 0.000000000000000000, 0.000000000000000000, -1.000000000000000000 ) ) ;
#1324 = ORIENTED_EDGE ( 'NONE', *, *, #28, .F. ) ;
#1325 = ORIENTED_EDGE ( 'NONE', *, *, #2060, .F. ) ;
#1326 = DIRECTION ( 'NONE',  ( 0.000000000000000000, 0.000000000000000000, 1.000000000000000000 ) ) ;
#1327 = AXIS2_PLACEMENT_3D ( 'NONE', #706, #884, #348 ) ;
#1328 = ORIENTED_EDGE ( 'NONE', *, *, #2060, .T. ) ;
#1329 = ORIENTED_EDGE ( 'NONE', *, *, #1120, .F. ) ;
#1330 = DIRECTION ( 'NONE',  ( -0.000000000000000000, -1.000000000000000000, -0.000000000000000000 ) ) ;
#1331 = ADVANCED_FACE ( 'NONE', ( #1293 ), #44, .F. ) ;
#1332 = EDGE_CURVE ( 'NONE', #1684, #2061, #1345, .T. ) ;
#1333 = DIRECTION ( 'NONE',  ( 0.000000000000000000, 0.000000000000000000, 1.000000000000000000 ) ) ;
#1334 = SURFACE_STYLE_FILL_AREA ( #441 ) ;
#1335 = VECTOR ( 'NONE', #336, 1000.000000000000000 ) ;
#1336 = LINE ( 'NONE', #269, #359 ) ;
#1337 = ORIENTED_EDGE ( 'NONE', *, *, #1805, .T. ) ;
#1338 = EDGE_CURVE ( 'NONE', #1472, #309, #1462, .T. ) ;
#1339 = CARTESIAN_POINT ( 'NONE',  ( -77.45004589892869262, 4.500000000000000000, 2.500000000000085265 ) ) ;
#1340 = FACE_OUTER_BOUND ( 'NONE', #970, .T. ) ;
#1341 = CIRCLE ( 'NONE', #1299, 5.000000000000024869 ) ;
#1342 = ORIENTED_EDGE ( 'NONE', *, *, #373, .F. ) ;
#1343 = VERTEX_POINT ( 'NONE', #956 ) ;
#1344 = FACE_OUTER_BOUND ( 'NONE', #599, .T. ) ;
#1345 = CIRCLE ( 'NONE', #1415, 2.099999999999990763 ) ;
#1346 = AXIS2_PLACEMENT_3D ( 'NONE', #2025, #417, #1119 ) ;
#1347 = CIRCLE ( 'NONE', #1532, 3.000000000000002665 ) ;
#1348 = FACE_OUTER_BOUND ( 'NONE', #39, .T. ) ;
#1349 = EDGE_CURVE ( 'NONE', #2079, #166, #1281, .T. ) ;
#1350 = DIRECTION ( 'NONE',  ( 1.000000000000000000, 0.000000000000000000, 0.000000000000000000 ) ) ;
#1351 = ORIENTED_EDGE ( 'NONE', *, *, #1729, .T. ) ;
#1352 = DIRECTION ( 'NONE',  ( 0.000000000000000000, 0.000000000000000000, -1.000000000000000000 ) ) ;
#1353 = ORIENTED_EDGE ( 'NONE', *, *, #1465, .T. ) ;
#1354 = LINE ( 'NONE', #1704, #734 ) ;
#1355 = DIRECTION ( 'NONE',  ( -0.000000000000000000, -1.000000000000000000, -0.000000000000000000 ) ) ;
#1356 = EDGE_CURVE ( 'NONE', #1654, #2151, #1121, .T. ) ;
#1357 = CARTESIAN_POINT ( 'NONE',  ( -69.95004589892869262, 7.500000000000000000, 13.99999999999998401 ) ) ;
#1358 = VERTEX_POINT ( 'NONE', #1848 ) ;
#1359 = CARTESIAN_POINT ( 'NONE',  ( 1.450045898928671528, 4.500000000000000000, 18.49999999999998934 ) ) ;
#1360 = FACE_OUTER_BOUND ( 'NONE', #1276, .T. ) ;
#1361 = DIRECTION ( 'NONE',  ( 0.000000000000000000, 1.000000000000000000, 0.000000000000000000 ) ) ;
#1362 = ORIENTED_EDGE ( 'NONE', *, *, #92, .T. ) ;
#1363 = DIRECTION ( 'NONE',  ( -0.000000000000000000, -1.000000000000000000, -0.000000000000000000 ) ) ;
#1364 = PLANE ( 'NONE',  #173 ) ;
#1365 = ORIENTED_EDGE ( 'NONE', *, *, #1259, .T. ) ;
#1366 = EDGE_LOOP ( 'NONE', ( #1498, #2128, #341, #48 ) ) ;
#1367 = EDGE_CURVE ( 'NONE', #841, #1769, #923, .T. ) ;
#1368 = VECTOR ( 'NONE', #461, 1000.000000000000000 ) ;
#1369 = CARTESIAN_POINT ( 'NONE',  ( -77.45004589892870683, 4.500000000000000000, 5.500000000000087930 ) ) ;
#1370 = VECTOR ( 'NONE', #598, 1000.000000000000000 ) ;
#1371 = LINE ( 'NONE', #677, #1503 ) ;
#1372 = ORIENTED_EDGE ( 'NONE', *, *, #1820, .F. ) ;
#1373 = CARTESIAN_POINT ( 'NONE',  ( -69.95004589892869262, 4.500000000000000000, -8.500000000000033751 ) ) ;
#1374 = CIRCLE ( 'NONE', #1099, 4.999999999999997335 ) ;
#1375 = DIRECTION ( 'NONE',  ( 0.000000000000000000, 1.000000000000000000, 0.000000000000000000 ) ) ;
#1376 = VECTOR ( 'NONE', #1405, 1000.000000000000000 ) ;
#1377 = VERTEX_POINT ( 'NONE', #110 ) ;
#1378 = DIRECTION ( 'NONE',  ( -0.000000000000000000, -1.000000000000000000, -0.000000000000000000 ) ) ;
#1379 = EDGE_LOOP ( 'NONE', ( #1290, #898, #2126, #609 ) ) ;
#1380 = FACE_OUTER_BOUND ( 'NONE', #1019, .T. ) ;
#1381 = DIRECTION ( 'NONE',  ( 0.000000000000000000, 1.000000000000000000, 0.000000000000000000 ) ) ;
#1382 = EDGE_CURVE ( 'NONE', #2054, #779, #1887, .T. ) ;
#1383 = CARTESIAN_POINT ( 'NONE',  ( -74.45004589892869262, 4.500000000000000000, -2.500000000000002220 ) ) ;
#1384 = PLANE ( 'NONE',  #1040 ) ;
#1385 = VECTOR ( 'NONE', #653, 1000.000000000000000 ) ;
#1386 = ORIENTED_EDGE ( 'NONE', *, *, #2257, .T. ) ;
#1387 = DIRECTION ( 'NONE',  ( -0.000000000000000000, -0.000000000000000000, 1.000000000000000000 ) ) ;
#1388 = DIRECTION ( 'NONE',  ( -0.000000000000000000, -1.000000000000000000, -0.000000000000000000 ) ) ;
#1389 = LINE ( 'NONE', #1522, #1130 ) ;
#1390 = ORIENTED_EDGE ( 'NONE', *, *, #768, .T. ) ;
#1391 = ORIENTED_EDGE ( 'NONE', *, *, #1577, .T. ) ;
#1392 = PLANE ( 'NONE',  #2112 ) ;
#1393 = DIRECTION ( 'NONE',  ( 0.000000000000000000, 1.000000000000000000, 0.000000000000000000 ) ) ;
#1394 = VECTOR ( 'NONE', #767, 1000.000000000000000 ) ;
#1395 = CARTESIAN_POINT ( 'NONE',  ( 89.45004589892866420, 4.500000000000000000, -22.00000000000000711 ) ) ;
#1396 = DIRECTION ( 'NONE',  ( 0.000000000000000000, 0.000000000000000000, 1.000000000000000000 ) ) ;
#1397 = ORIENTED_EDGE ( 'NONE', *, *, #2153, .T. ) ;
#1398 = DIRECTION ( 'NONE',  ( 0.000000000000000000, 0.000000000000000000, 1.000000000000000000 ) ) ;
#1399 = CARTESIAN_POINT ( 'NONE',  ( -85.45004589892869262, 0.000000000000000000, -2.500000000000002220 ) ) ;
#1400 = STYLED_ITEM ( 'NONE', ( #1889 ), #525 ) ;
#1401 = EDGE_CURVE ( 'NONE', #2200, #1171, #1925, .T. ) ;
#1402 = LINE ( 'NONE', #846, #1284 ) ;
#1403 = VECTOR ( 'NONE', #2297, 1000.000000000000000 ) ;
#1404 = ADVANCED_FACE ( 'NONE', ( #1344 ), #1751, .T. ) ;
#1405 = DIRECTION ( 'NONE',  ( -1.000000000000000000, -0.000000000000000000, -0.000000000000000000 ) ) ;
#1406 = DIRECTION ( 'NONE',  ( 0.000000000000000000, 1.000000000000000000, 0.000000000000000000 ) ) ;
#1407 = ORIENTED_EDGE ( 'NONE', *, *, #2158, .F. ) ;
#1408 = DIRECTION ( 'NONE',  ( 0.000000000000000000, 1.000000000000000000, 0.000000000000000000 ) ) ;
#1409 = ORIENTED_EDGE ( 'NONE', *, *, #603, .F. ) ;
#1410 = ADVANCED_FACE ( 'NONE', ( #844 ), #1203, .F. ) ;
#1411 = AXIS2_PLACEMENT_3D ( 'NONE', #1611, #372, #2285 ) ;
#1412 = DIRECTION ( 'NONE',  ( 1.000000000000000000, 0.000000000000000000, -0.000000000000000000 ) ) ;
#1413 = DIRECTION ( 'NONE',  ( 0.000000000000000000, 1.000000000000000000, 0.000000000000000000 ) ) ;
#1414 = FACE_OUTER_BOUND ( 'NONE', #1519, .T. ) ;
#1415 = AXIS2_PLACEMENT_3D ( 'NONE', #2027, #937, #419 ) ;
#1416 = CYLINDRICAL_SURFACE ( 'NONE', #584, 5.000000000000000888 ) ;
#1417 = LINE ( 'NONE', #1768, #1247 ) ;
#1418 = AXIS2_PLACEMENT_3D ( 'NONE', #434, #1748, #300 ) ;
#1419 = EDGE_CURVE ( 'NONE', #1769, #222, #812, .T. ) ;
#1420 = ORIENTED_EDGE ( 'NONE', *, *, #2011, .F. ) ;
#1421 = DIRECTION ( 'NONE',  ( 0.000000000000000000, 1.000000000000000000, -0.000000000000000000 ) ) ;
#1422 = ORIENTED_EDGE ( 'NONE', *, *, #1486, .T. ) ;
#1423 = ADVANCED_FACE ( 'NONE', ( #2224 ), #315, .F. ) ;
#1424 = DIRECTION ( 'NONE',  ( 0.000000000000000000, 1.000000000000000000, 0.000000000000000000 ) ) ;
#1425 = PLANE ( 'NONE',  #2019 ) ;
#1426 = LINE ( 'NONE', #1399, #1267 ) ;
#1427 = EDGE_CURVE ( 'NONE', #1677, #109, #1726, .T. ) ;
#1428 = CARTESIAN_POINT ( 'NONE',  ( 79.31557716302472727, 4.500000000000000000, -5.500000000000032863 ) ) ;
#1429 = ORIENTED_EDGE ( 'NONE', *, *, #747, .F. ) ;
#1430 = FACE_OUTER_BOUND ( 'NONE', #1614, .T. ) ;
#1431 = CARTESIAN_POINT ( 'NONE',  ( 1.450045898928671528, 4.500000000000000000, -22.00000000000001421 ) ) ;
#1432 = ORIENTED_EDGE ( 'NONE', *, *, #573, .F. ) ;
#1433 = EDGE_CURVE ( 'NONE', #1628, #2103, #290, .T. ) ;
#1434 = EDGE_CURVE ( 'NONE', #1608, #1890, #194, .T. ) ;
#1435 = DIRECTION ( 'NONE',  ( -0.000000000000000000, -1.000000000000000000, -0.000000000000000000 ) ) ;
#1436 = DIRECTION ( 'NONE',  ( 0.000000000000000000, 0.000000000000000000, -1.000000000000000000 ) ) ;
#1437 = CIRCLE ( 'NONE', #796, 3.499999999999992895 ) ;
#1438 = DIRECTION ( 'NONE',  ( 0.000000000000000000, 0.000000000000000000, 1.000000000000000000 ) ) ;
#1439 = DIRECTION ( 'NONE',  ( 0.000000000000000000, 1.000000000000000000, -0.000000000000000000 ) ) ;
#1440 = AXIS2_PLACEMENT_3D ( 'NONE', #396, #1096, #1117 ) ;
#1441 = ORIENTED_EDGE ( 'NONE', *, *, #1629, .F. ) ;
#1442 = PLANE ( 'NONE',  #1512 ) ;
#1443 = DIRECTION ( 'NONE',  ( 0.000000000000000000, 1.000000000000000000, 0.000000000000000000 ) ) ;
#1444 = ORIENTED_EDGE ( 'NONE', *, *, #1349, .T. ) ;
#1445 = DIRECTION ( 'NONE',  ( -0.000000000000000000, -1.000000000000000000, -0.000000000000000000 ) ) ;
#1446 = DIRECTION ( 'NONE',  ( 0.000000000000000000, 0.000000000000000000, 1.000000000000000000 ) ) ;
#1447 = ADVANCED_FACE ( 'NONE', ( #2063 ), #491, .T. ) ;
#1448 = CARTESIAN_POINT ( 'NONE',  ( -74.45004589892869262, 0.000000000000000000, 13.99999999999998401 ) ) ;
#1449 = EDGE_CURVE ( 'NONE', #1582, #1137, #1190, .T. ) ;
#1450 = CARTESIAN_POINT ( 'NONE',  ( -69.95004589892869262, 4.500000000000000000, -9.500000000000008882 ) ) ;
#1451 = ORIENTED_EDGE ( 'NONE', *, *, #1682, .T. ) ;
#1452 = CIRCLE ( 'NONE', #1763, 2.100000000000002753 ) ;
#1453 = DIRECTION ( 'NONE',  ( 1.000000000000000000, 0.000000000000000000, 0.000000000000000000 ) ) ;
#1454 = CARTESIAN_POINT ( 'NONE',  ( -66.95004589892866420, 4.500000000000000000, 5.500000000000087930 ) ) ;
#1455 = EDGE_LOOP ( 'NONE', ( #1852, #649, #1619, #1409, #1362, #932, #459, #70, #1943, #1469, #2022, #1535, #664, #1086, #769, #2258, #1353, #1233, #285, #1196, #1444, #1391, #2029, #1878, #50, #234 ) ) ;
#1456 = VECTOR ( 'NONE', #1966, 1000.000000000000000 ) ;
#1457 = AXIS2_PLACEMENT_3D ( 'NONE', #1369, #477, #313 ) ;
#1458 = VECTOR ( 'NONE', #1435, 1000.000000000000000 ) ;
#1459 = ORIENTED_EDGE ( 'NONE', *, *, #1993, .T. ) ;
#1460 = CARTESIAN_POINT ( 'NONE',  ( 9.450045898928671306, 4.500000000000000000, -8.500000000000035527 ) ) ;
#1461 = VERTEX_POINT ( 'NONE', #987 ) ;
#1462 = LINE ( 'NONE', #223, #1530 ) ;
#1463 = EDGE_CURVE ( 'NONE', #435, #1992, #487, .T. ) ;
#1464 = LINE ( 'NONE', #571, #18 ) ;
#1465 = EDGE_CURVE ( 'NONE', #2117, #732, #2321, .T. ) ;
#1466 = DIRECTION ( 'NONE',  ( 0.000000000000000000, 1.000000000000000000, 0.000000000000000000 ) ) ;
#1467 =( NAMED_UNIT ( * ) PLANE_ANGLE_UNIT ( ) SI_UNIT ( $, .RADIAN. ) );
#1468 = ORIENTED_EDGE ( 'NONE', *, *, #575, .T. ) ;
#1469 = ORIENTED_EDGE ( 'NONE', *, *, #2163, .T. ) ;
#1470 = CARTESIAN_POINT ( 'NONE',  ( 89.45004589892866420, 4.500000000000000000, 18.49999999999998934 ) ) ;
#1471 = VERTEX_POINT ( 'NONE', #2254 ) ;
#1472 = VERTEX_POINT ( 'NONE', #437 ) ;
#1473 = DIRECTION ( 'NONE',  ( 0.000000000000000000, 0.000000000000000000, 1.000000000000000000 ) ) ;
#1474 = VERTEX_POINT ( 'NONE', #1152 ) ;
#1475 = EDGE_CURVE ( 'NONE', #1628, #2072, #228, .T. ) ;
#1476 = ORIENTED_EDGE ( 'NONE', *, *, #857, .T. ) ;
#1477 = VECTOR ( 'NONE', #879, 1000.000000000000000 ) ;
#1478 = LINE ( 'NONE', #1077, #1850 ) ;
#1479 = ORIENTED_EDGE ( 'NONE', *, *, #1827, .T. ) ;
#1480 = VERTEX_POINT ( 'NONE', #1542 ) ;
#1481 = DIRECTION ( 'NONE',  ( 0.000000000000000000, 1.000000000000000000, 0.000000000000000000 ) ) ;
#1482 = LINE ( 'NONE', #2001, #1740 ) ;
#1483 = EDGE_LOOP ( 'NONE', ( #1045, #463 ) ) ;
#1484 = ORIENTED_EDGE ( 'NONE', *, *, #816, .F. ) ;
#1485 = DIRECTION ( 'NONE',  ( 0.000000000000000000, 1.000000000000000000, 0.000000000000000000 ) ) ;
#1486 = EDGE_CURVE ( 'NONE', #1908, #75, #1529, .T. ) ;
#1487 = ORIENTED_EDGE ( 'NONE', *, *, #266, .F. ) ;
#1488 = LINE ( 'NONE', #1173, #1368 ) ;
#1489 = VERTEX_POINT ( 'NONE', #1373 ) ;
#1490 = ORIENTED_EDGE ( 'NONE', *, *, #902, .T. ) ;
#1491 = EDGE_CURVE ( 'NONE', #1358, #131, #2088, .T. ) ;
#1492 = CYLINDRICAL_SURFACE ( 'NONE', #2133, 3.499999999999994227 ) ;
#1493 = AXIS2_PLACEMENT_3D ( 'NONE', #1001, #1552, #654 ) ;
#1494 = ORIENTED_EDGE ( 'NONE', *, *, #1764, .F. ) ;
#1495 = EDGE_LOOP ( 'NONE', ( #936, #1635, #854, #462, #1487 ) ) ;
#1496 = DIRECTION ( 'NONE',  ( -0.000000000000000000, -1.000000000000000000, -0.000000000000000000 ) ) ;
#1497 = DIRECTION ( 'NONE',  ( 0.000000000000000000, 1.000000000000000000, 0.000000000000000000 ) ) ;
#1498 = ORIENTED_EDGE ( 'NONE', *, *, #1663, .T. ) ;
#1499 = CARTESIAN_POINT ( 'NONE',  ( -69.95004589892869262, 7.500000000000000000, -14.00000000000001243 ) ) ;
#1500 = ORIENTED_EDGE ( 'NONE', *, *, #548, .T. ) ;
#1501 = DIRECTION ( 'NONE',  ( 0.000000000000000000, 0.000000000000000000, -1.000000000000000000 ) ) ;
#1502 = VERTEX_POINT ( 'NONE', #1217 ) ;
#1503 = VECTOR ( 'NONE', #1909, 1000.000000000000000 ) ;
#1504 = VERTEX_POINT ( 'NONE', #2111 ) ;
#1505 = LINE ( 'NONE', #1839, #2018 ) ;
#1506 = EDGE_LOOP ( 'NONE', ( #2032, #1545, #947, #2273 ) ) ;
#1507 = DIRECTION ( 'NONE',  ( -1.000000000000000000, -0.000000000000000000, -0.000000000000000000 ) ) ;
#1508 = AXIS2_PLACEMENT_3D ( 'NONE', #904, #867, #1438 ) ;
#1509 = DIRECTION ( 'NONE',  ( -0.000000000000000000, -1.000000000000000000, -0.000000000000000000 ) ) ;
#1510 = DIRECTION ( 'NONE',  ( 0.000000000000000000, 0.000000000000000000, -1.000000000000000000 ) ) ;
#1511 = CARTESIAN_POINT ( 'NONE',  ( -77.45004589892870683, 4.500000000000000000, -5.500000000000018652 ) ) ;
#1512 = AXIS2_PLACEMENT_3D ( 'NONE', #506, #529, #1240 ) ;
#1513 = CARTESIAN_POINT ( 'NONE',  ( 1.450045898928671528, 0.000000000000000000, -13.50000000000001243 ) ) ;
#1514 = VERTEX_POINT ( 'NONE', #337 ) ;
#1515 = CARTESIAN_POINT ( 'NONE',  ( -69.95004589892869262, 4.500000000000000000, 13.99999999999998401 ) ) ;
#1516 = LINE ( 'NONE', #1015, #1078 ) ;
#1517 = CARTESIAN_POINT ( 'NONE',  ( -69.95004589892869262, 7.500000000000000000, 18.49999999999997513 ) ) ;
#1518 = DIRECTION ( 'NONE',  ( -0.000000000000000000, -1.000000000000000000, -0.000000000000000000 ) ) ;
#1519 = EDGE_LOOP ( 'NONE', ( #1102, #1664, #1801, #776 ) ) ;
#1520 = VECTOR ( 'NONE', #880, 1000.000000000000000 ) ;
#1521 = ORIENTED_EDGE ( 'NONE', *, *, #155, .T. ) ;
#1522 = CARTESIAN_POINT ( 'NONE',  ( -69.95004589892869262, 4.500000000000000000, -18.50000000000001066 ) ) ;
#1523 = CARTESIAN_POINT ( 'NONE',  ( -85.45004589892867841, 0.000000000000000000, 13.99999999999998401 ) ) ;
#1524 = EDGE_LOOP ( 'NONE', ( #1309, #847, #831, #1476 ) ) ;
#1525 = EDGE_LOOP ( 'NONE', ( #1011, #1112, #1216, #1274 ) ) ;
#1526 = DIRECTION ( 'NONE',  ( -0.000000000000000000, -1.000000000000000000, -0.000000000000000000 ) ) ;
#1527 = AXIS2_PLACEMENT_3D ( 'NONE', #56, #2017, #2182 ) ;
#1528 = ORIENTED_EDGE ( 'NONE', *, *, #1783, .F. ) ;
#1529 = LINE ( 'NONE', #2267, #1385 ) ;
#1530 = VECTOR ( 'NONE', #1649, 1000.000000000000000 ) ;
#1531 = VECTOR ( 'NONE', #257, 1000.000000000000000 ) ;
#1532 = AXIS2_PLACEMENT_3D ( 'NONE', #2150, #540, #1204 ) ;
#1533 = CARTESIAN_POINT ( 'NONE',  ( -77.45004589892870683, 4.500000000000000000, -5.500000000000018652 ) ) ;
#1534 = CARTESIAN_POINT ( 'NONE',  ( -1.549954101071331136, 0.000000000000000000, -8.500000000000021316 ) ) ;
#1535 = ORIENTED_EDGE ( 'NONE', *, *, #545, .T. ) ;
#1536 = FACE_OUTER_BOUND ( 'NONE', #693, .T. ) ;
#1537 = CARTESIAN_POINT ( 'NONE',  ( 6.450045898928672194, 4.500000000000000000, 18.49999999999998934 ) ) ;
#1538 = DIRECTION ( 'NONE',  ( -0.000000000000000000, -1.000000000000000000, -0.000000000000000000 ) ) ;
#1539 = VERTEX_POINT ( 'NONE', #178 ) ;
#1540 = CARTESIAN_POINT ( 'NONE',  ( -82.45004589892869262, 4.500000000000000000, 2.500000000000085265 ) ) ;
#1541 = CARTESIAN_POINT ( 'NONE',  ( -69.95004589892869262, 4.500000000000000000, -14.00000000000001243 ) ) ;
#1542 = CARTESIAN_POINT ( 'NONE',  ( 9.450045898928671306, 0.000000000000000000, -8.500000000000035527 ) ) ;
#1543 = CARTESIAN_POINT ( 'NONE',  ( 89.45004589892866420, 4.500000000000000000, -13.49999999999999112 ) ) ;
#1544 = DIRECTION ( 'NONE',  ( 0.000000000000000000, 0.000000000000000000, 1.000000000000000000 ) ) ;
#1545 = ORIENTED_EDGE ( 'NONE', *, *, #1289, .T. ) ;
#1546 = ADVANCED_FACE ( 'NONE', ( #890 ), #2292, .F. ) ;
#1547 = ORIENTED_EDGE ( 'NONE', *, *, #440, .T. ) ;
#1548 = CIRCLE ( 'NONE', #291, 2.099999999999990763 ) ;
#1549 = DIRECTION ( 'NONE',  ( -0.000000000000000000, -1.000000000000000000, -0.000000000000000000 ) ) ;
#1550 = LINE ( 'NONE', #1035, #1693 ) ;
#1551 = DIRECTION ( 'NONE',  ( 0.000000000000000000, 1.000000000000000000, -0.000000000000000000 ) ) ;
#1552 = DIRECTION ( 'NONE',  ( 0.000000000000000000, 1.000000000000000000, 0.000000000000000000 ) ) ;
#1553 = VECTOR ( 'NONE', #132, 1000.000000000000000 ) ;
#1554 = DIRECTION ( 'NONE',  ( -0.000000000000000000, -1.000000000000000000, -0.000000000000000000 ) ) ;
#1555 = AXIS2_PLACEMENT_3D ( 'NONE', #1051, #152, #1222 ) ;
#1556 = DIRECTION ( 'NONE',  ( 1.000000000000000000, -0.000000000000000000, -0.000000000000000000 ) ) ;
#1557 = ORIENTED_EDGE ( 'NONE', *, *, #259, .T. ) ;
#1558 = CARTESIAN_POINT ( 'NONE',  ( -69.95004589892869262, 4.500000000000000000, -9.500000000000008882 ) ) ;
#1559 = CARTESIAN_POINT ( 'NONE',  ( 6.450045898928669530, 4.500000000000000000, -18.50000000000001066 ) ) ;
#1560 = DIRECTION ( 'NONE',  ( -0.000000000000000000, -1.000000000000000000, -0.000000000000000000 ) ) ;
#1561 = ORIENTED_EDGE ( 'NONE', *, *, #816, .T. ) ;
#1562 = EDGE_CURVE ( 'NONE', #243, #2069, #1583, .T. ) ;
#1563 = CARTESIAN_POINT ( 'NONE',  ( 6.450045898928669530, 4.500000000000000000, -5.500000000000018652 ) ) ;
#1564 = DIRECTION ( 'NONE',  ( -1.000000000000000000, -0.000000000000000000, -0.000000000000000000 ) ) ;
#1565 = AXIS2_PLACEMENT_3D ( 'NONE', #969, #2225, #1473 ) ;
#1566 = CIRCLE ( 'NONE', #74, 4.499999999999990230 ) ;
#1567 = DIRECTION ( 'NONE',  ( 0.000000000000000000, 1.000000000000000000, 0.000000000000000000 ) ) ;
#1568 = ORIENTED_EDGE ( 'NONE', *, *, #976, .F. ) ;
#1569 = EDGE_CURVE ( 'NONE', #1343, #1743, #160, .T. ) ;
#1570 = EDGE_LOOP ( 'NONE', ( #1833, #1689, #244, #1075, #1855, #2191, #1161, #1329, #2109, #908, #392, #1874, #1372, #1105, #1432, #37, #483, #2262, #797, #567, #208, #1116, #2139, #793, #1292, #91, #1494, #1065, #1151, #1952 ) ) ;
#1571 = ORIENTED_EDGE ( 'NONE', *, *, #1124, .F. ) ;
#1572 = VERTEX_POINT ( 'NONE', #1048 ) ;
#1573 = ADVANCED_FACE ( 'NONE', ( #2129 ), #1596, .T. ) ;
#1574 = EDGE_LOOP ( 'NONE', ( #1906, #1386, #1867, #966 ) ) ;
#1575 = CARTESIAN_POINT ( 'NONE',  ( -69.95004589892869262, 7.500000000000000000, -9.500000000000008882 ) ) ;
#1576 = DIRECTION ( 'NONE',  ( -0.000000000000000000, -0.000000000000000000, 1.000000000000000000 ) ) ;
#1577 = EDGE_CURVE ( 'NONE', #166, #2054, #267, .T. ) ;
#1578 = DIRECTION ( 'NONE',  ( -1.000000000000000000, 0.000000000000000000, 0.000000000000000000 ) ) ;
#1579 = DIRECTION ( 'NONE',  ( 0.000000000000000000, 0.000000000000000000, -1.000000000000000000 ) ) ;
#1580 = VERTEX_POINT ( 'NONE', #697 ) ;
#1581 = CARTESIAN_POINT ( 'NONE',  ( -66.95004589892866420, 4.500000000000000000, -5.500000000000018652 ) ) ;
#1582 = VERTEX_POINT ( 'NONE', #344 ) ;
#1583 = LINE ( 'NONE', #876, #1155 ) ;
#1584 = DIRECTION ( 'NONE',  ( 0.000000000000000000, 0.000000000000000000, 1.000000000000000000 ) ) ;
#1585 = VECTOR ( 'NONE', #993, 1000.000000000000000 ) ;
#1586 = AXIS2_PLACEMENT_3D ( 'NONE', #154, #852, #1702 ) ;
#1587 = DIRECTION ( 'NONE',  ( 0.000000000000000000, 0.000000000000000000, -1.000000000000000000 ) ) ;
#1588 = VECTOR ( 'NONE', #1350, 1000.000000000000000 ) ;
#1589 = ORIENTED_EDGE ( 'NONE', *, *, #1095, .T. ) ;
#1590 = VERTEX_POINT ( 'NONE', #1575 ) ;
#1591 = DIRECTION ( 'NONE',  ( -0.000000000000000000, -1.000000000000000000, -0.000000000000000000 ) ) ;
#1592 = EDGE_LOOP ( 'NONE', ( #931, #2094 ) ) ;
#1593 = AXIS2_PLACEMENT_3D ( 'NONE', #560, #2157, #1782 ) ;
#1594 = CARTESIAN_POINT ( 'NONE',  ( -82.45004589892867841, 4.500000000000000000, -5.500000000000018652 ) ) ;
#1595 = AXIS2_PLACEMENT_3D ( 'NONE', #192, #6, #1245 ) ;
#1596 = CYLINDRICAL_SURFACE ( 'NONE', #1302, 4.999999999999997335 ) ;
#1597 = CARTESIAN_POINT ( 'NONE',  ( 1.450045898928671528, 4.500000000000000000, 8.500000000000104805 ) ) ;
#1598 = CARTESIAN_POINT ( 'NONE',  ( 1.450045898928671528, 4.500000000000000000, -8.500000000000035527 ) ) ;
#1599 = CARTESIAN_POINT ( 'NONE',  ( -74.45004589892869262, 4.500000000000000000, 2.500000000000071054 ) ) ;
#1600 = ADVANCED_FACE ( 'NONE', ( #4 ), #1425, .F. ) ;
#1601 = PRODUCT ( 'PowerAdapterPCBHolder', 'PowerAdapterPCBHolder', '', ( #1308 ) ) ;
#1602 = EDGE_CURVE ( 'NONE', #2040, #271, #500, .T. ) ;
#1603 = VECTOR ( 'NONE', #1554, 1000.000000000000000 ) ;
#1604 = DIRECTION ( 'NONE',  ( 0.000000000000000000, 1.000000000000000000, 0.000000000000000000 ) ) ;
#1605 = AXIS2_PLACEMENT_3D ( 'NONE', #1692, #273, #1314 ) ;
#1606 = ORIENTED_EDGE ( 'NONE', *, *, #62, .T. ) ;
#1607 = DIRECTION ( 'NONE',  ( -0.000000000000000000, -1.000000000000000000, -0.000000000000000000 ) ) ;
#1608 = VERTEX_POINT ( 'NONE', #863 ) ;
#1609 = DIRECTION ( 'NONE',  ( 0.000000000000000000, 0.000000000000000000, 1.000000000000000000 ) ) ;
#1610 = FACE_OUTER_BOUND ( 'NONE', #1985, .T. ) ;
#1611 = CARTESIAN_POINT ( 'NONE',  ( 9.450045898928671306, 4.500000000000000000, -5.500000000000032863 ) ) ;
#1612 = DIRECTION ( 'NONE',  ( 0.000000000000000000, 0.000000000000000000, -1.000000000000000000 ) ) ;
#1613 = DIRECTION ( 'NONE',  ( 0.000000000000000000, 0.000000000000000000, 1.000000000000000000 ) ) ;
#1614 = EDGE_LOOP ( 'NONE', ( #2187, #1073, #601, #1226 ) ) ;
#1615 = CARTESIAN_POINT ( 'NONE',  ( -89.95004589892869262, 0.000000000000000000, -14.00000000000001243 ) ) ;
#1616 = APPLICATION_PROTOCOL_DEFINITION ( 'draft international standard', 'automotive_design', 1998, #418 ) ;
#1617 = EDGE_CURVE ( 'NONE', #1654, #1755, #782, .T. ) ;
#1618 = CARTESIAN_POINT ( 'NONE',  ( -89.95004589892869262, 0.000000000000000000, -11.90000000000002167 ) ) ;
#1619 = ORIENTED_EDGE ( 'NONE', *, *, #1865, .T. ) ;
#1620 = AXIS2_PLACEMENT_3D ( 'NONE', #22, #1841, #1453 ) ;
#1621 = EDGE_CURVE ( 'NONE', #2079, #2229, #2143, .T. ) ;
#1622 = CYLINDRICAL_SURFACE ( 'NONE', #1154, 3.000000000000002665 ) ;
#1623 = AXIS2_PLACEMENT_3D ( 'NONE', #1793, #700, #391 ) ;
#1624 = DIRECTION ( 'NONE',  ( 0.000000000000000000, 0.000000000000000000, -1.000000000000000000 ) ) ;
#1625 = FACE_BOUND ( 'NONE', #1658, .T. ) ;
#1626 = ORIENTED_EDGE ( 'NONE', *, *, #2177, .F. ) ;
#1627 = CARTESIAN_POINT ( 'NONE',  ( -89.95004589892869262, 7.500000000000000000, -14.00000000000001243 ) ) ;
#1628 = VERTEX_POINT ( 'NONE', #1957 ) ;
#1629 = EDGE_CURVE ( 'NONE', #2121, #1778, #1679, .T. ) ;
#1630 = DIRECTION ( 'NONE',  ( 0.000000000000000000, 0.000000000000000000, 1.000000000000000000 ) ) ;
#1631 = ORIENTED_EDGE ( 'NONE', *, *, #576, .F. ) ;
#1632 = ADVANCED_FACE ( 'NONE', ( #2299 ), #1979, .T. ) ;
#1633 = VECTOR ( 'NONE', #1020, 1000.000000000000000 ) ;
#1634 = FACE_OUTER_BOUND ( 'NONE', #471, .T. ) ;
#1635 = ORIENTED_EDGE ( 'NONE', *, *, #460, .T. ) ;
#1636 = CIRCLE ( 'NONE', #120, 3.000000000000002665 ) ;
#1637 = ORIENTED_EDGE ( 'NONE', *, *, #2048, .F. ) ;
#1638 = FACE_OUTER_BOUND ( 'NONE', #1694, .T. ) ;
#1639 = ORIENTED_EDGE ( 'NONE', *, *, #1427, .F. ) ;
#1640 = AXIS2_PLACEMENT_3D ( 'NONE', #2101, #493, #1206 ) ;
#1641 = CIRCLE ( 'NONE', #1304, 4.500000000000003553 ) ;
#1642 = PRODUCT_DEFINITION_SHAPE ( 'NONE', 'NONE',  #1994 ) ;
#1643 = AXIS2_PLACEMENT_3D ( 'NONE', #1802, #2317, #1235 ) ;
#1644 = ORIENTED_EDGE ( 'NONE', *, *, #1220, .T. ) ;
#1645 = CARTESIAN_POINT ( 'NONE',  ( 1.450045898928671528, 4.500000000000000000, 14.99999999999998757 ) ) ;
#1646 = EDGE_CURVE ( 'NONE', #1992, #1480, #1228, .T. ) ;
#1647 = FACE_OUTER_BOUND ( 'NONE', #1920, .T. ) ;
#1648 = VERTEX_POINT ( 'NONE', #678 ) ;
#1649 = DIRECTION ( 'NONE',  ( -0.000000000000000000, -1.000000000000000000, -0.000000000000000000 ) ) ;
#1650 = EDGE_CURVE ( 'NONE', #1277, #299, #1232, .T. ) ;
#1651 = DIRECTION ( 'NONE',  ( -0.000000000000000000, -1.000000000000000000, -0.000000000000000000 ) ) ;
#1652 = DIRECTION ( 'NONE',  ( -0.000000000000000000, -1.000000000000000000, -0.000000000000000000 ) ) ;
#1653 = EDGE_LOOP ( 'NONE', ( #1053, #145, #1328, #1133 ) ) ;
#1654 = VERTEX_POINT ( 'NONE', #1791 ) ;
#1655 = EDGE_LOOP ( 'NONE', ( #84, #1186, #1710, #2026 ) ) ;
#1656 = CARTESIAN_POINT ( 'NONE',  ( 6.450045898928669530, 0.000000000000000000, -18.50000000000001066 ) ) ;
#1657 = CARTESIAN_POINT ( 'NONE',  ( 82.31557716302472727, 0.000000000000000000, 5.500000000000087930 ) ) ;
#1658 = EDGE_LOOP ( 'NONE', ( #1860, #755 ) ) ;
#1659 = CARTESIAN_POINT ( 'NONE',  ( 1.450045898928671528, 4.500000000000000000, -8.500000000000035527 ) ) ;
#1660 = LINE ( 'NONE', #278, #1828 ) ;
#1661 = AXIS2_PLACEMENT_3D ( 'NONE', #423, #2070, #975 ) ;
#1662 = AXIS2_PLACEMENT_3D ( 'NONE', #2135, #1039, #1060 ) ;
#1663 = EDGE_CURVE ( 'NONE', #271, #843, #592, .T. ) ;
#1664 = ORIENTED_EDGE ( 'NONE', *, *, #1382, .F. ) ;
#1665 = CIRCLE ( 'NONE', #988, 4.499999999999997335 ) ;
#1666 = ORIENTED_EDGE ( 'NONE', *, *, #1772, .T. ) ;
#1667 = UNCERTAINTY_MEASURE_WITH_UNIT (LENGTH_MEASURE( 1.000000000000000082E-05 ), #264, 'distance_accuracy_value', 'NONE');
#1668 = EDGE_CURVE ( 'NONE', #131, #309, #1913, .T. ) ;
#1669 = AXIS2_PLACEMENT_3D ( 'NONE', #991, #2065, #618 ) ;
#1670 = ADVANCED_FACE ( 'NONE', ( #1800 ), #1954, .F. ) ;
#1671 = VERTEX_POINT ( 'NONE', #897 ) ;
#1672 = CARTESIAN_POINT ( 'NONE',  ( 1.450045898928671528, 4.500000000000000000, -23.50000000000000711 ) ) ;
#1673 = EDGE_CURVE ( 'NONE', #1502, #1471, #379, .T. ) ;
#1674 = EDGE_LOOP ( 'NONE', ( #1978, #133, #2178, #1862 ) ) ;
#1675 = CARTESIAN_POINT ( 'NONE',  ( -89.95004589892869262, 4.500000000000000000, 11.89999999999999147 ) ) ;
#1676 = ORIENTED_EDGE ( 'NONE', *, *, #2294, .T. ) ;
#1677 = VERTEX_POINT ( 'NONE', #907 ) ;
#1678 = CARTESIAN_POINT ( 'NONE',  ( -74.45004589892870683, 0.000000000000000000, -14.00000000000001243 ) ) ;
#1679 = CIRCLE ( 'NONE', #311, 3.499999999999999556 ) ;
#1680 = ORIENTED_EDGE ( 'NONE', *, *, #1668, .F. ) ;
#1681 = CARTESIAN_POINT ( 'NONE',  ( 1.450045898928671528, 0.000000000000000000, -8.500000000000035527 ) ) ;
#1682 = EDGE_CURVE ( 'NONE', #1908, #474, #1566, .T. ) ;
#1683 = CARTESIAN_POINT ( 'NONE',  ( -89.95004589892869262, 0.000000000000000000, 13.99999999999998401 ) ) ;
#1684 = VERTEX_POINT ( 'NONE', #1618 ) ;
#1685 = CARTESIAN_POINT ( 'NONE',  ( -66.95004589892866420, 0.000000000000000000, -5.500000000000018652 ) ) ;
#1686 = CARTESIAN_POINT ( 'NONE',  ( -74.45004589892869262, 0.000000000000000000, 2.500000000000071054 ) ) ;
#1687 = VERTEX_POINT ( 'NONE', #1431 ) ;
#1688 = DIRECTION ( 'NONE',  ( -0.000000000000000000, -1.000000000000000000, -0.000000000000000000 ) ) ;
#1689 = ORIENTED_EDGE ( 'NONE', *, *, #492, .F. ) ;
#1690 = EDGE_CURVE ( 'NONE', #2313, #1769, #1818, .T. ) ;
#1691 = DIRECTION ( 'NONE',  ( 0.000000000000000000, 1.000000000000000000, 0.000000000000000000 ) ) ;
#1692 = CARTESIAN_POINT ( 'NONE',  ( 89.45004589892866420, 0.000000000000000000, -18.50000000000001066 ) ) ;
#1693 = VECTOR ( 'NONE', #666, 1000.000000000000000 ) ;
#1694 = EDGE_LOOP ( 'NONE', ( #660, #862, #754, #721 ) ) ;
#1695 = DIRECTION ( 'NONE',  ( 0.000000000000000000, 1.000000000000000000, 0.000000000000000000 ) ) ;
#1696 = CARTESIAN_POINT ( 'NONE',  ( -89.95004589892869262, 0.000000000000000000, 13.99999999999998401 ) ) ;
#1697 = ADVANCED_FACE ( 'NONE', ( #13 ), #565, .F. ) ;
#1698 = ORIENTED_EDGE ( 'NONE', *, *, #1940, .F. ) ;
#1699 = CARTESIAN_POINT ( 'NONE',  ( 1.450045898928671528, 4.500000000000000000, -8.500000000000035527 ) ) ;
#1700 = ORIENTED_EDGE ( 'NONE', *, *, #1650, .F. ) ;
#1701 = CARTESIAN_POINT ( 'NONE',  ( -66.95004589892869262, 4.500000000000000000, 8.500000000000090594 ) ) ;
#1702 = DIRECTION ( 'NONE',  ( 1.000000000000000000, 0.000000000000000000, -0.000000000000000000 ) ) ;
#1703 = PRESENTATION_LAYER_ASSIGNMENT (  '', '', ( #1400 ) ) ;
#1704 = CARTESIAN_POINT ( 'NONE',  ( 1.450045898928671528, 0.000000000000000000, 13.49999999999998401 ) ) ;
#1705 = CYLINDRICAL_SURFACE ( 'NONE', #2036, 4.499999999999997335 ) ;
#1706 = EDGE_LOOP ( 'NONE', ( #1700, #2044 ) ) ;
#1707 = VECTOR ( 'NONE', #1877, 1000.000000000000000 ) ;
#1708 = CYLINDRICAL_SURFACE ( 'NONE', #1411, 3.000000000000002665 ) ;
#1709 = EDGE_LOOP ( 'NONE', ( #452, #1312, #2325, #696, #780, #1459 ) ) ;
#1710 = ORIENTED_EDGE ( 'NONE', *, *, #545, .F. ) ;
#1712 = ADVANCED_FACE ( 'NONE', ( #1638 ), #2184, .F. ) ;
#1711 = DIRECTION ( 'NONE',  ( 0.000000000000000000, 1.000000000000000000, 0.000000000000000000 ) ) ;
#1713 = DIRECTION ( 'NONE',  ( 0.000000000000000000, 0.000000000000000000, 1.000000000000000000 ) ) ;
#1714 = CARTESIAN_POINT ( 'NONE',  ( 82.31557716302472727, 0.000000000000000000, -5.500000000000019540 ) ) ;
#1715 = ORIENTED_EDGE ( 'NONE', *, *, #351, .F. ) ;
#1716 = CARTESIAN_POINT ( 'NONE',  ( -74.45004589892869262, 4.500000000000000000, -2.500000000000002220 ) ) ;
#1717 = CARTESIAN_POINT ( 'NONE',  ( 1.450045898928671528, 0.000000000000000000, -23.50000000000000711 ) ) ;
#1718 = FACE_OUTER_BOUND ( 'NONE', #1525, .T. ) ;
#1719 = ORIENTED_EDGE ( 'NONE', *, *, #518, .T. ) ;
#1720 = EDGE_LOOP ( 'NONE', ( #1881, #282 ) ) ;
#1721 = CYLINDRICAL_SURFACE ( 'NONE', #1418, 4.999999999999997335 ) ;
#1722 = CYLINDRICAL_SURFACE ( 'NONE', #90, 2.100000000000004530 ) ;
#1723 = ORIENTED_EDGE ( 'NONE', *, *, #2024, .F. ) ;
#1724 = DIRECTION ( 'NONE',  ( 0.000000000000000000, 0.000000000000000000, 1.000000000000000000 ) ) ;
#1725 = DIRECTION ( 'NONE',  ( -1.000000000000000000, -0.000000000000000000, -0.000000000000000000 ) ) ;
#1726 = CIRCLE ( 'NONE', #2206, 3.000000000000002665 ) ;
#1727 = AXIS2_PLACEMENT_3D ( 'NONE', #124, #450, #965 ) ;
#1728 = FACE_OUTER_BOUND ( 'NONE', #798, .T. ) ;
#1729 = EDGE_CURVE ( 'NONE', #2234, #1582, #1264, .T. ) ;
#1730 = LINE ( 'NONE', #1699, #296 ) ;
#1731 = ORIENTED_EDGE ( 'NONE', *, *, #1838, .T. ) ;
#1732 = DIRECTION ( 'NONE',  ( 0.000000000000000000, 0.000000000000000000, -1.000000000000000000 ) ) ;
#1733 = FACE_OUTER_BOUND ( 'NONE', #930, .T. ) ;
#1734 = ORIENTED_EDGE ( 'NONE', *, *, #2239, .T. ) ;
#1735 = ORIENTED_EDGE ( 'NONE', *, *, #1973, .T. ) ;
#1736 = EDGE_CURVE ( 'NONE', #963, #874, #363, .T. ) ;
#1737 = CARTESIAN_POINT ( 'NONE',  ( 89.45004589892866420, 0.000000000000000000, -22.00000000000000711 ) ) ;
#1738 = DIRECTION ( 'NONE',  ( -0.000000000000000000, -1.000000000000000000, -0.000000000000000000 ) ) ;
#1739 = CARTESIAN_POINT ( 'NONE',  ( -1.549954101071351786, 4.500000000000000000, -5.500000000000018652 ) ) ;
#1740 = VECTOR ( 'NONE', #1824, 1000.000000000000000 ) ;
#1741 = CYLINDRICAL_SURFACE ( 'NONE', #848, 3.000000000000002665 ) ;
#1742 =( NAMED_UNIT ( * ) SI_UNIT ( $, .STERADIAN. ) SOLID_ANGLE_UNIT ( ) );
#1743 = VERTEX_POINT ( 'NONE', #885 ) ;
#1744 = CARTESIAN_POINT ( 'NONE',  ( -69.95004589892869262, 4.500000000000000000, 8.500000000000104805 ) ) ;
#1745 = EDGE_CURVE ( 'NONE', #1241, #2270, #1254, .T. ) ;
#1746 = VERTEX_POINT ( 'NONE', #2138 ) ;
#1747 = CIRCLE ( 'NONE', #99, 4.499999999999997335 ) ;
#1748 = DIRECTION ( 'NONE',  ( -0.000000000000000000, -1.000000000000000000, -0.000000000000000000 ) ) ;
#1749 = FACE_OUTER_BOUND ( 'NONE', #1709, .T. ) ;
#1750 = EDGE_LOOP ( 'NONE', ( #645, #764 ) ) ;
#1751 = CYLINDRICAL_SURFACE ( 'NONE', #1107, 4.499999999999997335 ) ;
#1752 = VECTOR ( 'NONE', #896, 1000.000000000000000 ) ;
#1753 = EDGE_CURVE ( 'NONE', #79, #1489, #1347, .T. ) ;
#1754 = CARTESIAN_POINT ( 'NONE',  ( -66.95004589892866420, 4.500000000000000000, -5.500000000000018652 ) ) ;
#1755 = VERTEX_POINT ( 'NONE', #1180 ) ;
#1756 = EDGE_CURVE ( 'NONE', #1502, #1671, #1516, .T. ) ;
#1757 = PLANE ( 'NONE',  #1934 ) ;
#1758 = PLANE ( 'NONE',  #1586 ) ;
#1759 = VECTOR ( 'NONE', #524, 1000.000000000000000 ) ;
#1760 = CARTESIAN_POINT ( 'NONE',  ( -69.95004589892869262, 4.500000000000000000, -14.00000000000001243 ) ) ;
#1761 = DIRECTION ( 'NONE',  ( 0.000000000000000000, 0.000000000000000000, -1.000000000000000000 ) ) ;
#1762 = DIRECTION ( 'NONE',  ( 0.000000000000000000, 0.000000000000000000, 1.000000000000000000 ) ) ;
#1763 = AXIS2_PLACEMENT_3D ( 'NONE', #698, #2169, #1446 ) ;
#1764 = EDGE_CURVE ( 'NONE', #1819, #1608, #1194, .T. ) ;
#1765 = CIRCLE ( 'NONE', #746, 4.499999999999990230 ) ;
#1766 = VECTOR ( 'NONE', #1576, 1000.000000000000000 ) ;
#1767 = VECTOR ( 'NONE', #577, 1000.000000000000000 ) ;
#1768 = CARTESIAN_POINT ( 'NONE',  ( 79.31557716302469885, 4.500000000000000000, -8.500000000000035527 ) ) ;
#1769 = VERTEX_POINT ( 'NONE', #1926 ) ;
#1770 = ORIENTED_EDGE ( 'NONE', *, *, #46, .T. ) ;
#1771 = ORIENTED_EDGE ( 'NONE', *, *, #1783, .T. ) ;
#1772 = EDGE_CURVE ( 'NONE', #2227, #1894, #1192, .T. ) ;
#1773 = DIRECTION ( 'NONE',  ( 0.000000000000000000, 0.000000000000000000, 1.000000000000000000 ) ) ;
#1774 = CARTESIAN_POINT ( 'NONE',  ( -69.95004589892869262, 0.000000000000000000, -16.10000000000001563 ) ) ;
#1775 = ADVANCED_FACE ( 'NONE', ( #325 ), #501, .T. ) ;
#1776 = VERTEX_POINT ( 'NONE', #98 ) ;
#1777 = DIRECTION ( 'NONE',  ( 1.000000000000000000, -0.000000000000000000, 0.000000000000000000 ) ) ;
#1778 = VERTEX_POINT ( 'NONE', #688 ) ;
#1779 = CIRCLE ( 'NONE', #265, 2.099999999999990763 ) ;
#1780 = DIRECTION ( 'NONE',  ( -0.000000000000000000, -1.000000000000000000, -0.000000000000000000 ) ) ;
#1781 = DIRECTION ( 'NONE',  ( -0.000000000000000000, -1.000000000000000000, -0.000000000000000000 ) ) ;
#1782 = DIRECTION ( 'NONE',  ( 0.000000000000000000, 0.000000000000000000, -1.000000000000000000 ) ) ;
#1783 = EDGE_CURVE ( 'NONE', #2072, #2248, #877, .T. ) ;
#1784 = VECTOR ( 'NONE', #2259, 1000.000000000000000 ) ;
#1785 = AXIS2_PLACEMENT_3D ( 'NONE', #73, #2078, #293 ) ;
#1786 = LINE ( 'NONE', #183, #370 ) ;
#1787 = VERTEX_POINT ( 'NONE', #1597 ) ;
#1788 = DIRECTION ( 'NONE',  ( 1.000000000000000000, 0.000000000000000000, 0.000000000000000000 ) ) ;
#1789 = EDGE_LOOP ( 'NONE', ( #38, #1842, #2164, #1846, #2314, #1149, #682, #1337 ) ) ;
#1790 = DIRECTION ( 'NONE',  ( -1.000000000000000000, 0.000000000000000000, -0.000000000000000000 ) ) ;
#1791 = CARTESIAN_POINT ( 'NONE',  ( -69.95004589892869262, 7.500000000000000000, -11.90000000000000746 ) ) ;
#1792 = DIRECTION ( 'NONE',  ( 0.000000000000000000, 0.000000000000000000, 1.000000000000000000 ) ) ;
#1793 = CARTESIAN_POINT ( 'NONE',  ( -1.549954101071331136, 0.000000000000000000, -8.500000000000021316 ) ) ;
#1794 = EDGE_CURVE ( 'NONE', #982, #279, #2134, .T. ) ;
#1795 = EDGE_CURVE ( 'NONE', #1840, #2151, #123, .T. ) ;
#1796 = AXIS2_PLACEMENT_3D ( 'NONE', #1054, #2, #1808 ) ;
#1797 = DIRECTION ( 'NONE',  ( -0.000000000000000000, -1.000000000000000000, -0.000000000000000000 ) ) ;
#1798 = ORIENTED_EDGE ( 'NONE', *, *, #1646, .F. ) ;
#1799 = CARTESIAN_POINT ( 'NONE',  ( 1.450045898928671528, 4.500000000000000000, -18.50000000000001066 ) ) ;
#1800 = FACE_OUTER_BOUND ( 'NONE', #268, .T. ) ;
#1801 = ORIENTED_EDGE ( 'NONE', *, *, #1577, .F. ) ;
#1802 = CARTESIAN_POINT ( 'NONE',  ( -1.549954101071331136, 4.500000000000000000, -8.500000000000021316 ) ) ;
#1803 = LINE ( 'NONE', #355, #1759 ) ;
#1804 = FACE_BOUND ( 'NONE', #1720, .T. ) ;
#1805 = EDGE_CURVE ( 'NONE', #151, #841, #1426, .T. ) ;
#1806 = ORIENTED_EDGE ( 'NONE', *, *, #33, .F. ) ;
#1807 = AXIS2_PLACEMENT_3D ( 'NONE', #2042, #220, #1131 ) ;
#1808 = DIRECTION ( 'NONE',  ( 0.000000000000000000, 0.000000000000000000, 1.000000000000000000 ) ) ;
#1809 = ORIENTED_EDGE ( 'NONE', *, *, #2114, .T. ) ;
#1810 = CARTESIAN_POINT ( 'NONE',  ( -89.95004589892869262, 0.000000000000000000, -14.00000000000001243 ) ) ;
#1811 = CARTESIAN_POINT ( 'NONE',  ( 79.31557716302469885, 0.000000000000000000, -8.500000000000035527 ) ) ;
#1812 = CARTESIAN_POINT ( 'NONE',  ( 6.450045898928669530, 4.500000000000000000, 5.500000000000087930 ) ) ;
#1813 = CARTESIAN_POINT ( 'NONE',  ( -69.95004589892869262, 4.500000000000000000, 9.499999999999987566 ) ) ;
#1814 = CIRCLE ( 'NONE', #467, 4.499999999999997335 ) ;
#1815 = FACE_BOUND ( 'NONE', #14, .T. ) ;
#1816 = AXIS2_PLACEMENT_3D ( 'NONE', #1450, #2004, #1260 ) ;
#1817 = EDGE_LOOP ( 'NONE', ( #11, #605 ) ) ;
#1818 = LINE ( 'NONE', #707, #444 ) ;
#1819 = VERTEX_POINT ( 'NONE', #901 ) ;
#1820 = EDGE_CURVE ( 'NONE', #2261, #1514, #559, .T. ) ;
#1821 = VERTEX_POINT ( 'NONE', #1969 ) ;
#1822 = ADVANCED_FACE ( 'NONE', ( #1236 ), #1622, .F. ) ;
#1823 = CARTESIAN_POINT ( 'NONE',  ( 1.450045898928671528, 4.500000000000000000, -18.50000000000001066 ) ) ;
#1824 = DIRECTION ( 'NONE',  ( -0.000000000000000000, -0.000000000000000000, -1.000000000000000000 ) ) ;
#1825 = ORIENTED_EDGE ( 'NONE', *, *, #2084, .T. ) ;
#1826 = CYLINDRICAL_SURFACE ( 'NONE', #442, 3.000000000000002665 ) ;
#1827 = EDGE_CURVE ( 'NONE', #556, #1890, #2155, .T. ) ;
#1828 = VECTOR ( 'NONE', #1306, 1000.000000000000000 ) ;
#1829 = ORIENTED_EDGE ( 'NONE', *, *, #1475, .T. ) ;
#1830 = AXIS2_PLACEMENT_3D ( 'NONE', #326, #2255, #2280 ) ;
#1831 = VECTOR ( 'NONE', #398, 1000.000000000000000 ) ;
#1832 = CARTESIAN_POINT ( 'NONE',  ( 9.450045898928692623, 4.500000000000000000, 8.500000000000104805 ) ) ;
#1833 = ORIENTED_EDGE ( 'NONE', *, *, #503, .F. ) ;
#1834 = ADVANCED_FACE ( 'NONE', ( #1610 ), #546, .F. ) ;
#1835 = CYLINDRICAL_SURFACE ( 'NONE', #748, 5.000000000000024869 ) ;
#1836 = EDGE_CURVE ( 'NONE', #1671, #2261, #1269, .T. ) ;
#1837 = VERTEX_POINT ( 'NONE', #203 ) ;
#1838 = EDGE_CURVE ( 'NONE', #2151, #1840, #1452, .T. ) ;
#1839 = CARTESIAN_POINT ( 'NONE',  ( 89.45004589892866420, 4.500000000000000000, -22.00000000000000355 ) ) ;
#1840 = VERTEX_POINT ( 'NONE', #1774 ) ;
#1841 = DIRECTION ( 'NONE',  ( 0.000000000000000000, 0.000000000000000000, 1.000000000000000000 ) ) ;
#1842 = ORIENTED_EDGE ( 'NONE', *, *, #1419, .T. ) ;
#1843 = ADVANCED_FACE ( 'NONE', ( #523 ), #864, .T. ) ;
#1844 = ORIENTED_EDGE ( 'NONE', *, *, #1690, .T. ) ;
#1845 = AXIS2_PLACEMENT_3D ( 'NONE', #1237, #1982, #1270 ) ;
#1846 = ORIENTED_EDGE ( 'NONE', *, *, #1083, .T. ) ;
#1847 = ORIENTED_EDGE ( 'NONE', *, *, #1017, .T. ) ;
#1848 = CARTESIAN_POINT ( 'NONE',  ( 89.45004589892866420, 4.500000000000000000, 14.99999999999999467 ) ) ;
#1849 = DIRECTION ( 'NONE',  ( 0.000000000000000000, 1.000000000000000000, 0.000000000000000000 ) ) ;
#1850 = VECTOR ( 'NONE', #64, 1000.000000000000000 ) ;
#1851 = ORIENTED_EDGE ( 'NONE', *, *, #1562, .T. ) ;
#1852 = ORIENTED_EDGE ( 'NONE', *, *, #371, .T. ) ;
#1853 = AXIS2_PLACEMENT_3D ( 'NONE', #297, #1363, #484 ) ;
#1854 = FACE_OUTER_BOUND ( 'NONE', #138, .T. ) ;
#1855 = ORIENTED_EDGE ( 'NONE', *, *, #1772, .F. ) ;
#1856 = ORIENTED_EDGE ( 'NONE', *, *, #356, .F. ) ;
#1857 = CIRCLE ( 'NONE', #472, 3.000000000000002665 ) ;
#1858 = CARTESIAN_POINT ( 'NONE',  ( 79.31557716302469885, 4.500000000000000000, 8.500000000000104805 ) ) ;
#1859 = LINE ( 'NONE', #1657, #1394 ) ;
#1860 = ORIENTED_EDGE ( 'NONE', *, *, #1917, .F. ) ;
#1861 = CARTESIAN_POINT ( 'NONE',  ( -69.95004589892869262, 7.500000000000000000, -18.50000000000001776 ) ) ;
#1862 = ORIENTED_EDGE ( 'NONE', *, *, #393, .F. ) ;
#1863 = EDGE_CURVE ( 'NONE', #1580, #475, #1041, .T. ) ;
#1864 = CARTESIAN_POINT ( 'NONE',  ( -69.95004589892869262, 0.000000000000000000, 16.09999999999999076 ) ) ;
#1865 = EDGE_CURVE ( 'NONE', #75, #1776, #161, .T. ) ;
#1866 = FACE_OUTER_BOUND ( 'NONE', #538, .T. ) ;
#1867 = ORIENTED_EDGE ( 'NONE', *, *, #813, .T. ) ;
#1868 = ORIENTED_EDGE ( 'NONE', *, *, #2310, .F. ) ;
#1869 = AXIS2_PLACEMENT_3D ( 'NONE', #533, #711, #307 ) ;
#1870 = AXIS2_PLACEMENT_3D ( 'NONE', #1244, #736, #369 ) ;
#1871 = AXIS2_PLACEMENT_3D ( 'NONE', #833, #1551, #1014 ) ;
#1872 = DIRECTION ( 'NONE',  ( 0.000000000000000000, 0.000000000000000000, -1.000000000000000000 ) ) ;
#1873 = FACE_BOUND ( 'NONE', #29, .T. ) ;
#1874 = ORIENTED_EDGE ( 'NONE', *, *, #277, .F. ) ;
#1875 = DIRECTION ( 'NONE',  ( 0.000000000000000000, 1.000000000000000000, -0.000000000000000000 ) ) ;
#1876 = FACE_OUTER_BOUND ( 'NONE', #1213, .T. ) ;
#1877 = DIRECTION ( 'NONE',  ( -0.000000000000000000, -1.000000000000000000, -0.000000000000000000 ) ) ;
#1878 = ORIENTED_EDGE ( 'NONE', *, *, #1753, .T. ) ;
#1879 = CARTESIAN_POINT ( 'NONE',  ( 1.450045898928671528, 0.000000000000000000, 14.99999999999998757 ) ) ;
#1880 = CARTESIAN_POINT ( 'NONE',  ( 89.45004589892866420, 0.000000000000000000, 13.49999999999996270 ) ) ;
#1881 = ORIENTED_EDGE ( 'NONE', *, *, #2098, .T. ) ;
#1882 = EDGE_CURVE ( 'NONE', #578, #448, #511, .T. ) ;
#1883 = CARTESIAN_POINT ( 'NONE',  ( -85.45004589892869262, 4.500000000000000000, 2.500000000000071498 ) ) ;
#1884 = LINE ( 'NONE', #1935, #1335 ) ;
#1885 = ORIENTED_EDGE ( 'NONE', *, *, #1401, .F. ) ;
#1886 = ORIENTED_EDGE ( 'NONE', *, *, #2324, .F. ) ;
#1887 = LINE ( 'NONE', #1739, #2322 ) ;
#1888 = DIRECTION ( 'NONE',  ( 0.000000000000000000, 0.000000000000000000, 1.000000000000000000 ) ) ;
#1889 = PRESENTATION_STYLE_ASSIGNMENT (( #2269 ) ) ;
#1890 = VERTEX_POINT ( 'NONE', #1678 ) ;
#1891 = LINE ( 'NONE', #294, #1585 ) ;
#1892 = EDGE_LOOP ( 'NONE', ( #82, #275, #1561, #1321 ) ) ;
#1893 = LINE ( 'NONE', #1310, #537 ) ;
#1894 = VERTEX_POINT ( 'NONE', #1656 ) ;
#1895 = CIRCLE ( 'NONE', #1440, 4.500000000000003553 ) ;
#1896 = LINE ( 'NONE', #1023, #595 ) ;
#1897 = VECTOR ( 'NONE', #1556, 1000.000000000000000 ) ;
#1898 = DIRECTION ( 'NONE',  ( 0.000000000000000000, 0.000000000000000000, -1.000000000000000000 ) ) ;
#1899 = VERTEX_POINT ( 'NONE', #80 ) ;
#1900 = EDGE_CURVE ( 'NONE', #1648, #274, #227, .T. ) ;
#1901 = VERTEX_POINT ( 'NONE', #406 ) ;
#1902 = CARTESIAN_POINT ( 'NONE',  ( 79.31557716302472727, 4.500000000000000000, -5.500000000000032863 ) ) ;
#1903 = DIRECTION ( 'NONE',  ( 0.000000000000000000, 0.000000000000000000, 1.000000000000000000 ) ) ;
#1904 = AXIS2_PLACEMENT_3D ( 'NONE', #727, #550, #2131 ) ;
#1905 = CARTESIAN_POINT ( 'NONE',  ( 1.450045898928671528, 0.000000000000000000, -22.00000000000001421 ) ) ;
#1906 = ORIENTED_EDGE ( 'NONE', *, *, #1562, .F. ) ;
#1907 = CYLINDRICAL_SURFACE ( 'NONE', #1027, 3.499999999999999556 ) ;
#1908 = VERTEX_POINT ( 'NONE', #210 ) ;
#1909 = DIRECTION ( 'NONE',  ( -0.000000000000000000, -1.000000000000000000, -0.000000000000000000 ) ) ;
#1910 = ORIENTED_EDGE ( 'NONE', *, *, #1836, .T. ) ;
#1911 = ADVANCED_FACE ( 'NONE', ( #40 ), #1279, .F. ) ;
#1912 = DIRECTION ( 'NONE',  ( -0.000000000000000000, -1.000000000000000000, -0.000000000000000000 ) ) ;
#1913 = CIRCLE ( 'NONE', #1796, 3.499999999999992895 ) ;
#1914 = DIRECTION ( 'NONE',  ( -0.000000000000000000, -1.000000000000000000, -0.000000000000000000 ) ) ;
#1915 = VECTOR ( 'NONE', #2045, 1000.000000000000000 ) ;
#1916 = CIRCLE ( 'NONE', #158, 5.000000000000024869 ) ;
#1917 = EDGE_CURVE ( 'NONE', #1687, #119, #1108, .T. ) ;
#1918 = DIRECTION ( 'NONE',  ( -1.000000000000000000, 0.000000000000000000, 0.000000000000000000 ) ) ;
#1919 = DIRECTION ( 'NONE',  ( -0.000000000000000000, -0.000000000000000000, 1.000000000000000000 ) ) ;
#1920 = EDGE_LOOP ( 'NONE', ( #1085, #42, #1680, #453 ) ) ;
#1921 = CARTESIAN_POINT ( 'NONE',  ( 84.45004589892862157, 0.000000000000000000, 18.49999999999998934 ) ) ;
#1922 = CARTESIAN_POINT ( 'NONE',  ( -69.95004589892869262, 0.000000000000000000, 13.99999999999998401 ) ) ;
#1923 = DIRECTION ( 'NONE',  ( 0.000000000000000000, 0.000000000000000000, 1.000000000000000000 ) ) ;
#1924 = CARTESIAN_POINT ( 'NONE',  ( 89.45004589892866420, 4.500000000000000000, -18.50000000000001066 ) ) ;
#1925 = LINE ( 'NONE', #276, #1915 ) ;
#1926 = CARTESIAN_POINT ( 'NONE',  ( -82.45004589892867841, 0.000000000000000000, 5.500000000000087930 ) ) ;
#1927 = CIRCLE ( 'NONE', #724, 3.000000000000002665 ) ;
#1928 = CARTESIAN_POINT ( 'NONE',  ( -89.95004589892869262, 7.500000000000000000, -16.10000000000000142 ) ) ;
#1929 = CIRCLE ( 'NONE', #1845, 3.499999999999999556 ) ;
#1930 = ORIENTED_EDGE ( 'NONE', *, *, #1900, .F. ) ;
#1931 = CARTESIAN_POINT ( 'NONE',  ( 89.45004589892866420, 4.500000000000000000, 18.49999999999998934 ) ) ;
#1932 = DIRECTION ( 'NONE',  ( -0.000000000000000000, -0.000000000000000000, 1.000000000000000000 ) ) ;
#1933 = ORIENTED_EDGE ( 'NONE', *, *, #1278, .F. ) ;
#1934 = AXIS2_PLACEMENT_3D ( 'NONE', #1223, #1939, #1579 ) ;
#1935 = CARTESIAN_POINT ( 'NONE',  ( -85.45004589892869262, 4.500000000000000000, -2.500000000000002220 ) ) ;
#1936 = CARTESIAN_POINT ( 'NONE',  ( 9.450045898928692623, 0.000000000000000000, -8.500000000000035527 ) ) ;
#1937 = AXIS2_PLACEMENT_3D ( 'NONE', #1428, #1797, #2147 ) ;
#1938 = LINE ( 'NONE', #690, #1376 ) ;
#1939 = DIRECTION ( 'NONE',  ( 1.000000000000000000, -0.000000000000000000, 0.000000000000000000 ) ) ;
#1940 = EDGE_CURVE ( 'NONE', #2121, #274, #232, .T. ) ;
#1941 = ORIENTED_EDGE ( 'NONE', *, *, #1046, .T. ) ;
#1942 = ORIENTED_EDGE ( 'NONE', *, *, #1745, .F. ) ;
#1943 = ORIENTED_EDGE ( 'NONE', *, *, #1673, .T. ) ;
#1944 = CARTESIAN_POINT ( 'NONE',  ( 89.45004589892866420, 0.000000000000000000, 18.49999999999998934 ) ) ;
#1945 = DIRECTION ( 'NONE',  ( 0.000000000000000000, 1.000000000000000000, 0.000000000000000000 ) ) ;
#1946 = CIRCLE ( 'NONE', #226, 4.999999999999997335 ) ;
#1947 = VECTOR ( 'NONE', #1549, 1000.000000000000000 ) ;
#1948 = ADVANCED_FACE ( 'NONE', ( #933 ), #1835, .T. ) ;
#1949 = AXIS2_PLACEMENT_3D ( 'NONE', #215, #1977, #199 ) ;
#1950 = DIRECTION ( 'NONE',  ( -0.000000000000000000, -1.000000000000000000, -0.000000000000000000 ) ) ;
#1951 = FACE_OUTER_BOUND ( 'NONE', #1506, .T. ) ;
#1952 = ORIENTED_EDGE ( 'NONE', *, *, #532, .F. ) ;
#1953 = CARTESIAN_POINT ( 'NONE',  ( -69.95004589892869262, 4.500000000000000000, -14.00000000000001243 ) ) ;
#1954 = PLANE ( 'NONE',  #1949 ) ;
#1955 = EDGE_LOOP ( 'NONE', ( #2050, #1809, #860, #428, #1100, #339, #789, #802 ) ) ;
#1956 = EDGE_CURVE ( 'NONE', #1474, #1746, #35, .T. ) ;
#1957 = CARTESIAN_POINT ( 'NONE',  ( -69.95004589892869262, 4.500000000000000000, 9.499999999999994671 ) ) ;
#1958 = DIRECTION ( 'NONE',  ( -0.000000000000000000, -1.000000000000000000, -0.000000000000000000 ) ) ;
#1959 = LINE ( 'NONE', #384, #726 ) ;
#1960 = FACE_BOUND ( 'NONE', #256, .T. ) ;
#1961 = FACE_OUTER_BOUND ( 'NONE', #1655, .T. ) ;
#1962 = CARTESIAN_POINT ( 'NONE',  ( 9.450045898928692623, 0.000000000000000000, 8.500000000000104805 ) ) ;
#1963 = ORIENTED_EDGE ( 'NONE', *, *, #1940, .T. ) ;
#1964 = CYLINDRICAL_SURFACE ( 'NONE', #1251, 2.100000000000004530 ) ;
#1965 = ORIENTED_EDGE ( 'NONE', *, *, #1124, .T. ) ;
#1966 = DIRECTION ( 'NONE',  ( -1.000000000000000000, 0.000000000000000000, 0.000000000000000000 ) ) ;
#1967 = CIRCLE ( 'NONE', #942, 2.100000000000004530 ) ;
#1968 = DIRECTION ( 'NONE',  ( -0.000000000000000000, -1.000000000000000000, -0.000000000000000000 ) ) ;
#1969 = CARTESIAN_POINT ( 'NONE',  ( -89.95004589892869262, 0.000000000000000000, 11.89999999999999147 ) ) ;
#1970 = CYLINDRICAL_SURFACE ( 'NONE', #1593, 4.499999999999997335 ) ;
#1971 = VECTOR ( 'NONE', #1919, 1000.000000000000000 ) ;
#1972 = FACE_BOUND ( 'NONE', #1483, .T. ) ;
#1973 = EDGE_CURVE ( 'NONE', #1461, #304, #121, .T. ) ;
#1974 = CARTESIAN_POINT ( 'NONE',  ( -89.95004589892869262, 7.500000000000000000, -11.90000000000002167 ) ) ;
#1975 = ORIENTED_EDGE ( 'NONE', *, *, #1736, .F. ) ;
#1976 = CYLINDRICAL_SURFACE ( 'NONE', #104, 5.000000000000024869 ) ;
#1977 = DIRECTION ( 'NONE',  ( -1.000000000000000000, 0.000000000000000000, 0.000000000000000000 ) ) ;
#1978 = ORIENTED_EDGE ( 'NONE', *, *, #1465, .F. ) ;
#1979 = CYLINDRICAL_SURFACE ( 'NONE', #2099, 4.499999999999997335 ) ;
#1980 = DIRECTION ( 'NONE',  ( 1.000000000000000000, 0.000000000000000000, 0.000000000000000000 ) ) ;
#1981 = CARTESIAN_POINT ( 'NONE',  ( -89.95004589892869262, 7.500000000000000000, -14.00000000000001243 ) ) ;
#1982 = DIRECTION ( 'NONE',  ( 0.000000000000000000, 1.000000000000000000, 0.000000000000000000 ) ) ;
#1983 = AXIS2_PLACEMENT_3D ( 'NONE', #1995, #742, #917 ) ;
#1984 = FACE_OUTER_BOUND ( 'NONE', #1570, .T. ) ;
#1985 = EDGE_LOOP ( 'NONE', ( #1910, #1098, #1189, #421 ) ) ;
#1986 = ORIENTED_EDGE ( 'NONE', *, *, #619, .F. ) ;
#1987 = LINE ( 'NONE', #702, #2132 ) ;
#1988 = DIRECTION ( 'NONE',  ( 0.000000000000000000, 1.000000000000000000, 0.000000000000000000 ) ) ;
#1989 = LINE ( 'NONE', #1812, #401 ) ;
#1990 = DIRECTION ( 'NONE',  ( 0.000000000000000000, 0.000000000000000000, -1.000000000000000000 ) ) ;
#1991 = ADVANCED_FACE ( 'NONE', ( #245 ), #1492, .F. ) ;
#1992 = VERTEX_POINT ( 'NONE', #1811 ) ;
#1993 = EDGE_CURVE ( 'NONE', #556, #597, #1641, .T. ) ;
#1994 = PRODUCT_DEFINITION ( 'UNKNOWN', '', #135, #1144 ) ;
#1995 = CARTESIAN_POINT ( 'NONE',  ( 6.450045898928669530, 4.500000000000000000, 18.49999999999998934 ) ) ;
#1996 = ORIENTED_EDGE ( 'NONE', *, *, #212, .T. ) ;
#1997 = PLANE ( 'NONE',  #1125 ) ;
#1998 = ORIENTED_EDGE ( 'NONE', *, *, #1047, .T. ) ;
#1999 = DIRECTION ( 'NONE',  ( 0.000000000000000000, 0.000000000000000000, -1.000000000000000000 ) ) ;
#2000 = VECTOR ( 'NONE', #77, 1000.000000000000000 ) ;
#2001 = CARTESIAN_POINT ( 'NONE',  ( -69.95004589892869262, 0.000000000000000000, -9.500000000000008882 ) ) ;
#2002 = ORIENTED_EDGE ( 'NONE', *, *, #845, .T. ) ;
#2003 =( GEOMETRIC_REPRESENTATION_CONTEXT ( 3 ) GLOBAL_UNCERTAINTY_ASSIGNED_CONTEXT ( ( #1667 ) ) GLOBAL_UNIT_ASSIGNED_CONTEXT ( ( #264, #1139, #1742 ) ) REPRESENTATION_CONTEXT ( 'NONE', 'WORKASPACE' ) );
#2004 = DIRECTION ( 'NONE',  ( -1.000000000000000000, 0.000000000000000000, 0.000000000000000000 ) ) ;
#2005 = CARTESIAN_POINT ( 'NONE',  ( 1.450045898928671972, 4.500000000000000000, -15.00000000000000888 ) ) ;
#2006 = CLOSED_SHELL ( 'NONE', ( #1423, #2124, #1056, #1331, #2113, #2197, #800, #894, #2049, #187, #1447, #1404, #2291, #792, #1009, #983, #648, #116, #196, #172, #2170, #1600, #1632, #1712, #735, #1191, #189, #1670, #614, #1834, #221, #964, #388, #1697, #1948, #1205, #111, #1275, #1573, #1911, #781, #1410, #1138, #1991, #773, #248, #61, #984, #1546, #332, #331, #1843, #2231, #68, #672, #703, #1822, #2073, #1221, #582, #1176, #858, #1148, #1775, #2141, #881, #2068, #1167 ) ) ;
#2007 = CARTESIAN_POINT ( 'NONE',  ( -69.95004589892869262, 0.000000000000000000, 9.499999999999987566 ) ) ;
#2008 = AXIS2_PLACEMENT_3D ( 'NONE', #817, #85, #803 ) ;
#2009 = EDGE_CURVE ( 'NONE', #405, #1178, #2031, .T. ) ;
#2010 = ORIENTED_EDGE ( 'NONE', *, *, #167, .T. ) ;
#2011 = EDGE_CURVE ( 'NONE', #741, #916, #633, .T. ) ;
#2012 = EDGE_LOOP ( 'NONE', ( #63, #946, #531, #1397 ) ) ;
#2013 = DIRECTION ( 'NONE',  ( 0.000000000000000000, 1.000000000000000000, 0.000000000000000000 ) ) ;
#2014 = VECTOR ( 'NONE', #1388, 1000.000000000000000 ) ;
#2015 = VERTEX_POINT ( 'NONE', #610 ) ;
#2016 = ORIENTED_EDGE ( 'NONE', *, *, #28, .T. ) ;
#2017 = DIRECTION ( 'NONE',  ( -0.000000000000000000, -1.000000000000000000, -0.000000000000000000 ) ) ;
#2018 = VECTOR ( 'NONE', #83, 1000.000000000000000 ) ;
#2019 = AXIS2_PLACEMENT_3D ( 'NONE', #1037, #1773, #1412 ) ;
#2020 = ORIENTED_EDGE ( 'NONE', *, *, #476, .F. ) ;
#2021 = CIRCLE ( 'NONE', #1605, 3.499999999999994227 ) ;
#2022 = ORIENTED_EDGE ( 'NONE', *, *, #1071, .T. ) ;
#2023 = VECTOR ( 'NONE', #1330, 1000.000000000000000 ) ;
#2024 = EDGE_CURVE ( 'NONE', #1539, #2015, #924, .T. ) ;
#2025 = CARTESIAN_POINT ( 'NONE',  ( 89.45004589892866420, 4.500000000000000000, -18.50000000000001066 ) ) ;
#2026 = ORIENTED_EDGE ( 'NONE', *, *, #352, .T. ) ;
#2027 = CARTESIAN_POINT ( 'NONE',  ( -89.95004589892869262, 0.000000000000000000, -14.00000000000001243 ) ) ;
#2028 = DIRECTION ( 'NONE',  ( -0.000000000000000000, -1.000000000000000000, -0.000000000000000000 ) ) ;
#2029 = ORIENTED_EDGE ( 'NONE', *, *, #1278, .T. ) ;
#2030 = CIRCLE ( 'NONE', #1036, 2.100000000000004530 ) ;
#2031 = LINE ( 'NONE', #1858, #1531 ) ;
#2032 = ORIENTED_EDGE ( 'NONE', *, *, #1882, .F. ) ;
#2033 = EDGE_CURVE ( 'NONE', #1901, #841, #2095, .T. ) ;
#2034 = EDGE_CURVE ( 'NONE', #705, #222, #1896, .T. ) ;
#2035 = LINE ( 'NONE', #783, #2051 ) ;
#2036 = AXIS2_PLACEMENT_3D ( 'NONE', #600, #1142, #795 ) ;
#2037 = AXIS2_PLACEMENT_3D ( 'NONE', #1981, #1088, #383 ) ;
#2038 = DIRECTION ( 'NONE',  ( 0.000000000000000000, 0.000000000000000000, -1.000000000000000000 ) ) ;
#2039 = EDGE_LOOP ( 'NONE', ( #439, #745, #385, #350 ) ) ;
#2040 = VERTEX_POINT ( 'NONE', #489 ) ;
#2041 = DIRECTION ( 'NONE',  ( 1.000000000000000000, -0.000000000000000000, 0.000000000000000000 ) ) ;
#2042 = CARTESIAN_POINT ( 'NONE',  ( 1.450045898928671528, 0.000000000000000000, 18.49999999999998934 ) ) ;
#2043 = ORIENTED_EDGE ( 'NONE', *, *, #655, .F. ) ;
#2044 = ORIENTED_EDGE ( 'NONE', *, *, #1259, .F. ) ;
#2045 = DIRECTION ( 'NONE',  ( -0.000000000000000000, -1.000000000000000000, -0.000000000000000000 ) ) ;
#2046 = LINE ( 'NONE', #2194, #2226 ) ;
#2047 = EDGE_LOOP ( 'NONE', ( #906, #613, #2066, #1886, #2266 ) ) ;
#2048 = EDGE_CURVE ( 'NONE', #1901, #2313, #2251, .T. ) ;
#2049 = ADVANCED_FACE ( 'NONE', ( #1380 ), #1721, .T. ) ;
#2050 = ORIENTED_EDGE ( 'NONE', *, *, #2156, .T. ) ;
#2051 = VECTOR ( 'NONE', #1156, 1000.000000000000000 ) ;
#2052 = CARTESIAN_POINT ( 'NONE',  ( 1.450045898928671528, 4.500000000000000000, 18.49999999999998934 ) ) ;
#2053 = AXIS2_PLACEMENT_3D ( 'NONE', #2308, #179, #2123 ) ;
#2054 = VERTEX_POINT ( 'NONE', #1146 ) ;
#2055 = CIRCLE ( 'NONE', #2319, 3.500000000000001332 ) ;
#2056 = AXIS2_PLACEMENT_3D ( 'NONE', #568, #2013, #1326 ) ;
#2057 = AXIS2_PLACEMENT_3D ( 'NONE', #2279, #1695, #667 ) ;
#2058 = DIRECTION ( 'NONE',  ( 0.000000000000000000, 1.000000000000000000, -0.000000000000000000 ) ) ;
#2059 = CARTESIAN_POINT ( 'NONE',  ( -69.95004589892869262, 0.000000000000000000, -11.90000000000000924 ) ) ;
#2060 = EDGE_CURVE ( 'NONE', #705, #2234, #520, .T. ) ;
#2061 = VERTEX_POINT ( 'NONE', #1201 ) ;
#2062 = ORIENTED_EDGE ( 'NONE', *, *, #356, .T. ) ;
#2063 = FACE_OUTER_BOUND ( 'NONE', #2047, .T. ) ;
#2064 = DIRECTION ( 'NONE',  ( 0.000000000000000000, -0.000000000000000000, 1.000000000000000000 ) ) ;
#2065 = DIRECTION ( 'NONE',  ( 0.000000000000000000, 1.000000000000000000, 0.000000000000000000 ) ) ;
#2066 = ORIENTED_EDGE ( 'NONE', *, *, #302, .T. ) ;
#2067 = DIRECTION ( 'NONE',  ( -1.000000000000000000, 0.000000000000000000, 0.000000000000000000 ) ) ;
#2068 = ADVANCED_FACE ( 'NONE', ( #94, #1873 ), #979, .T. ) ;
#2069 = VERTEX_POINT ( 'NONE', #1187 ) ;
#2070 = DIRECTION ( 'NONE',  ( 0.000000000000000000, 1.000000000000000000, 0.000000000000000000 ) ) ;
#2071 = EDGE_CURVE ( 'NONE', #763, #2227, #1916, .T. ) ;
#2072 = VERTEX_POINT ( 'NONE', #651 ) ;
#2073 = ADVANCED_FACE ( 'NONE', ( #107 ), #809, .T. ) ;
#2074 = LINE ( 'NONE', #1188, #8 ) ;
#2075 = VERTEX_POINT ( 'NONE', #1737 ) ;
#2076 = DIRECTION ( 'NONE',  ( 1.000000000000000000, -0.000000000000000000, -0.000000000000000000 ) ) ;
#2077 = DIRECTION ( 'NONE',  ( -0.000000000000000000, -1.000000000000000000, -0.000000000000000000 ) ) ;
#2078 = DIRECTION ( 'NONE',  ( -0.000000000000000000, -1.000000000000000000, -0.000000000000000000 ) ) ;
#2079 = VERTEX_POINT ( 'NONE', #407 ) ;
#2080 = CARTESIAN_POINT ( 'NONE',  ( -69.95004589892869262, 7.500000000000000000, -14.00000000000001243 ) ) ;
#2081 = ORIENTED_EDGE ( 'NONE', *, *, #346, .F. ) ;
#2082 = EDGE_CURVE ( 'NONE', #2075, #1899, #2021, .T. ) ;
#2083 = AXIS2_PLACEMENT_3D ( 'NONE', #2286, #1509, #1732 ) ;
#2084 = EDGE_CURVE ( 'NONE', #1677, #435, #2221, .T. ) ;
#2085 = DIRECTION ( 'NONE',  ( 0.000000000000000000, 1.000000000000000000, -0.000000000000000000 ) ) ;
#2086 = CIRCLE ( 'NONE', #59, 3.000000000000002665 ) ;
#2087 = DIRECTION ( 'NONE',  ( -0.000000000000000000, -1.000000000000000000, 0.000000000000000000 ) ) ;
#2088 = LINE ( 'NONE', #480, #1008 ) ;
#2089 = DIRECTION ( 'NONE',  ( 0.000000000000000000, 1.000000000000000000, 0.000000000000000000 ) ) ;
#2090 = CARTESIAN_POINT ( 'NONE',  ( -85.45004589892869262, 0.000000000000000000, 13.99999999999998401 ) ) ;
#2091 = ORIENTED_EDGE ( 'NONE', *, *, #141, .T. ) ;
#2092 = EDGE_CURVE ( 'NONE', #279, #1819, #1482, .T. ) ;
#2093 = CARTESIAN_POINT ( 'NONE',  ( -77.45004589892870683, 0.000000000000000000, 5.500000000000087930 ) ) ;
#2094 = ORIENTED_EDGE ( 'NONE', *, *, #701, .T. ) ;
#2095 = LINE ( 'NONE', #1883, #1947 ) ;
#2096 = DIRECTION ( 'NONE',  ( 0.000000000000000000, 0.000000000000000000, 1.000000000000000000 ) ) ;
#2098 = EDGE_CURVE ( 'NONE', #274, #1648, #1211, .T. ) ;
#2097 = DIRECTION ( 'NONE',  ( 0.000000000000000000, 0.000000000000000000, -1.000000000000000000 ) ) ;
#2099 = AXIS2_PLACEMENT_3D ( 'NONE', #202, #1968, #1067 ) ;
#2100 = ADVANCED_BREP_SHAPE_REPRESENTATION ( 'PowerAdapterPCBHolder', ( #525, #1620 ), #1021 ) ;
#2101 = CARTESIAN_POINT ( 'NONE',  ( 6.450045898928669530, 4.500000000000000000, -18.50000000000001066 ) ) ;
#2102 = CARTESIAN_POINT ( 'NONE',  ( 89.45004589892866420, 0.000000000000000000, -18.50000000000001066 ) ) ;
#2103 = VERTEX_POINT ( 'NONE', #925 ) ;
#2104 = CARTESIAN_POINT ( 'NONE',  ( -1.549954101071331136, 4.500000000000000000, -8.500000000000021316 ) ) ;
#2105 = CARTESIAN_POINT ( 'NONE',  ( -69.95004589892869262, 7.500000000000000000, -14.00000000000001243 ) ) ;
#2106 = DIRECTION ( 'NONE',  ( -0.000000000000000000, -1.000000000000000000, -0.000000000000000000 ) ) ;
#2107 = LINE ( 'NONE', #1559, #1553 ) ;
#2108 = DIRECTION ( 'NONE',  ( -1.000000000000000000, -0.000000000000000000, -0.000000000000000000 ) ) ;
#2109 = ORIENTED_EDGE ( 'NONE', *, *, #1663, .F. ) ;
#2110 = DIRECTION ( 'NONE',  ( -0.000000000000000000, -1.000000000000000000, -0.000000000000000000 ) ) ;
#2111 = CARTESIAN_POINT ( 'NONE',  ( 82.31557716302472727, 4.500000000000000000, 5.500000000000087930 ) ) ;
#2112 = AXIS2_PLACEMENT_3D ( 'NONE', #1357, #652, #810 ) ;
#2113 = ADVANCED_FACE ( 'NONE', ( #1647 ), #41, .F. ) ;
#2114 = EDGE_CURVE ( 'NONE', #69, #435, #1859, .T. ) ;
#2115 = CARTESIAN_POINT ( 'NONE',  ( -77.45004589892869262, 0.000000000000000000, -2.500000000000015987 ) ) ;
#2116 = AXIS2_PLACEMENT_3D ( 'NONE', #286, #978, #1872 ) ;
#2117 = VERTEX_POINT ( 'NONE', #258 ) ;
#2118 = DIRECTION ( 'NONE',  ( 1.000000000000000000, 0.000000000000000000, 0.000000000000000000 ) ) ;
#2119 = EDGE_CURVE ( 'NONE', #1755, #1840, #108, .T. ) ;
#2120 = AXIS2_PLACEMENT_3D ( 'NONE', #887, #686, #1227 ) ;
#2121 = VERTEX_POINT ( 'NONE', #2235 ) ;
#2122 = CARTESIAN_POINT ( 'NONE',  ( 89.45004589892866420, 0.000000000000000000, 18.49999999999998934 ) ) ;
#2123 = DIRECTION ( 'NONE',  ( 1.000000000000000000, 0.000000000000000000, -0.000000000000000000 ) ) ;
#2124 = ADVANCED_FACE ( 'NONE', ( #478 ), #1722, .F. ) ;
#2125 = CARTESIAN_POINT ( 'NONE',  ( 89.45004589892866420, 4.500000000000000000, -23.50000000000003553 ) ) ;
#2126 = ORIENTED_EDGE ( 'NONE', *, *, #1349, .F. ) ;
#2127 = CARTESIAN_POINT ( 'NONE',  ( 6.450045898928669530, 0.000000000000000000, 18.49999999999998934 ) ) ;
#2128 = ORIENTED_EDGE ( 'NONE', *, *, #1249, .F. ) ;
#2129 = FACE_OUTER_BOUND ( 'NONE', #972, .T. ) ;
#2130 = AXIS2_PLACEMENT_3D ( 'NONE', #137, #128, #1790 ) ;
#2131 = DIRECTION ( 'NONE',  ( 0.000000000000000000, 0.000000000000000000, 1.000000000000000000 ) ) ;
#2132 = VECTOR ( 'NONE', #2106, 1000.000000000000000 ) ;
#2133 = AXIS2_PLACEMENT_3D ( 'NONE', #2210, #602, #1501 ) ;
#2134 = CIRCLE ( 'NONE', #1111, 3.000000000000002665 ) ;
#2135 = CARTESIAN_POINT ( 'NONE',  ( -66.95004589892869262, 0.000000000000000000, 8.500000000000090594 ) ) ;
#2136 = CARTESIAN_POINT ( 'NONE',  ( 1.450045898928671528, 4.500000000000000000, 18.49999999999998934 ) ) ;
#2137 = CARTESIAN_POINT ( 'NONE',  ( 9.450045898928692623, 4.500000000000000000, 8.500000000000104805 ) ) ;
#2138 = CARTESIAN_POINT ( 'NONE',  ( -89.95004589892869262, 0.000000000000000000, -9.500000000000015987 ) ) ;
#2139 = ORIENTED_EDGE ( 'NONE', *, *, #1956, .F. ) ;
#2140 = EDGE_CURVE ( 'NONE', #238, #1894, #2252, .T. ) ;
#2141 = ADVANCED_FACE ( 'NONE', ( #2278, #639 ), #1392, .T. ) ;
#2142 = CARTESIAN_POINT ( 'NONE',  ( 89.45004589892866420, 4.500000000000000000, 18.49999999999998934 ) ) ;
#2143 = LINE ( 'NONE', #2307, #1458 ) ;
#2144 = LINE ( 'NONE', #1558, #1520 ) ;
#2145 = EDGE_CURVE ( 'NONE', #916, #1178, #2074, .T. ) ;
#2146 = VECTOR ( 'NONE', #715, 1000.000000000000000 ) ;
#2147 = DIRECTION ( 'NONE',  ( 0.000000000000000000, 0.000000000000000000, -1.000000000000000000 ) ) ;
#2148 = EDGE_LOOP ( 'NONE', ( #289, #2205, #1157, #1141 ) ) ;
#2149 = CARTESIAN_POINT ( 'NONE',  ( 82.31557716302472727, 0.000000000000000000, 5.500000000000087930 ) ) ;
#2150 = CARTESIAN_POINT ( 'NONE',  ( -66.95004589892869262, 4.500000000000000000, -8.500000000000021316 ) ) ;
#2151 = VERTEX_POINT ( 'NONE', #2059 ) ;
#2152 = DIRECTION ( 'NONE',  ( 0.000000000000000000, 1.000000000000000000, 0.000000000000000000 ) ) ;
#2153 = EDGE_CURVE ( 'NONE', #1489, #279, #499, .T. ) ;
#2154 = DIRECTION ( 'NONE',  ( -0.000000000000000000, -1.000000000000000000, -0.000000000000000000 ) ) ;
#2155 = LINE ( 'NONE', #17, #850 ) ;
#2156 = EDGE_CURVE ( 'NONE', #1178, #69, #1927, .T. ) ;
#2157 = DIRECTION ( 'NONE',  ( -0.000000000000000000, -1.000000000000000000, -0.000000000000000000 ) ) ;
#2158 = EDGE_CURVE ( 'NONE', #2015, #916, #287, .T. ) ;
#2159 = AXIS2_PLACEMENT_3D ( 'NONE', #283, #1198, #2232 ) ;
#2160 = DIRECTION ( 'NONE',  ( -0.000000000000000000, -1.000000000000000000, -0.000000000000000000 ) ) ;
#2161 = VECTOR ( 'NONE', #1195, 1000.000000000000000 ) ;
#2162 = DIRECTION ( 'NONE',  ( 0.000000000000000000, 0.000000000000000000, -1.000000000000000000 ) ) ;
#2163 = EDGE_CURVE ( 'NONE', #1471, #1787, #900, .T. ) ;
#2164 = ORIENTED_EDGE ( 'NONE', *, *, #2300, .T. ) ;
#2165 = DIRECTION ( 'NONE',  ( 0.000000000000000000, 1.000000000000000000, 0.000000000000000000 ) ) ;
#2166 = ORIENTED_EDGE ( 'NONE', *, *, #1332, .F. ) ;
#2167 = AXIS2_PLACEMENT_3D ( 'NONE', #1924, #1163, #842 ) ;
#2168 = CARTESIAN_POINT ( 'NONE',  ( 89.45004589892866420, 0.000000000000000000, -23.50000000000003553 ) ) ;
#2169 = DIRECTION ( 'NONE',  ( 0.000000000000000000, 1.000000000000000000, 0.000000000000000000 ) ) ;
#2170 = ADVANCED_FACE ( 'NONE', ( #1749 ), #301, .T. ) ;
#2171 = DIRECTION ( 'NONE',  ( -0.000000000000000000, -1.000000000000000000, -0.000000000000000000 ) ) ;
#2172 = AXIS2_PLACEMENT_3D ( 'NONE', #5, #1436, #169 ) ;
#2173 = FACE_BOUND ( 'NONE', #1955, .T. ) ;
#2174 = VERTEX_POINT ( 'NONE', #2265 ) ;
#2175 = SHAPE_DEFINITION_REPRESENTATION ( #1642, #2100 ) ;
#2176 = VERTEX_POINT ( 'NONE', #451 ) ;
#2177 = EDGE_CURVE ( 'NONE', #43, #431, #1371, .T. ) ;
#2178 = ORIENTED_EDGE ( 'NONE', *, *, #2071, .T. ) ;
#2179 = DIRECTION ( 'NONE',  ( 0.000000000000000000, 1.000000000000000000, 0.000000000000000000 ) ) ;
#2180 = ORIENTED_EDGE ( 'NONE', *, *, #170, .T. ) ;
#2181 = EDGE_CURVE ( 'NONE', #1504, #69, #1550, .T. ) ;
#2182 = DIRECTION ( 'NONE',  ( 0.000000000000000000, 0.000000000000000000, -1.000000000000000000 ) ) ;
#2183 =( NAMED_UNIT ( * ) SI_UNIT ( $, .STERADIAN. ) SOLID_ANGLE_UNIT ( ) );
#2184 = PLANE ( 'NONE',  #958 ) ;
#2185 = ORIENTED_EDGE ( 'NONE', *, *, #2009, .T. ) ;
#2186 = CARTESIAN_POINT ( 'NONE',  ( -89.95004589892869262, 4.500000000000000000, 13.99999999999998401 ) ) ;
#2187 = ORIENTED_EDGE ( 'NONE', *, *, #1356, .F. ) ;
#2188 = DIRECTION ( 'NONE',  ( -0.000000000000000000, -1.000000000000000000, -0.000000000000000000 ) ) ;
#2189 = EDGE_CURVE ( 'NONE', #321, #578, #2030, .T. ) ;
#2190 = EDGE_LOOP ( 'NONE', ( #260, #485, #465, #1468 ) ) ;
#2191 = ORIENTED_EDGE ( 'NONE', *, *, #2071, .F. ) ;
#2192 = CARTESIAN_POINT ( 'NONE',  ( -69.95004589892869262, 4.500000000000000000, -11.90000000000000924 ) ) ;
#2193 = AXIS2_PLACEMENT_3D ( 'NONE', #1716, #2067, #772 ) ;
#2194 = CARTESIAN_POINT ( 'NONE',  ( 1.450045898928671528, 4.500000000000000000, -22.00000000000001066 ) ) ;
#2195 = CIRCLE ( 'NONE', #367, 3.000000000000002665 ) ;
#2196 = ORIENTED_EDGE ( 'NONE', *, *, #393, .T. ) ;
#2197 = ADVANCED_FACE ( 'NONE', ( #1340 ), #1202, .F. ) ;
#2198 = EDGE_LOOP ( 'NONE', ( #317, #2209 ) ) ;
#2199 = ORIENTED_EDGE ( 'NONE', *, *, #902, .F. ) ;
#2200 = VERTEX_POINT ( 'NONE', #1563 ) ;
#2201 = LINE ( 'NONE', #959, #709 ) ;
#2202 = ORIENTED_EDGE ( 'NONE', *, *, #1083, .F. ) ;
#2203 = AXIS2_PLACEMENT_3D ( 'NONE', #72, #1496, #225 ) ;
#2204 = VECTOR ( 'NONE', #1591, 1000.000000000000000 ) ;
#2205 = ORIENTED_EDGE ( 'NONE', *, *, #1356, .T. ) ;
#2206 = AXIS2_PLACEMENT_3D ( 'NONE', #1902, #1875, #2097 ) ;
#2207 = DIRECTION ( 'NONE',  ( -0.000000000000000000, -1.000000000000000000, -0.000000000000000000 ) ) ;
#2208 = EDGE_LOOP ( 'NONE', ( #1029, #1043, #1933, #24 ) ) ;
#2209 = ORIENTED_EDGE ( 'NONE', *, *, #1973, .F. ) ;
#2210 = CARTESIAN_POINT ( 'NONE',  ( 89.45004589892866420, 4.500000000000000000, 18.49999999999998934 ) ) ;
#2211 = CARTESIAN_POINT ( 'NONE',  ( -69.95004589892869262, 4.500000000000000000, -14.00000000000001243 ) ) ;
#2212 = ORIENTED_EDGE ( 'NONE', *, *, #857, .F. ) ;
#2213 = ORIENTED_EDGE ( 'NONE', *, *, #2082, .F. ) ;
#2214 = LINE ( 'NONE', #1114, #1003 ) ;
#2215 = VERTEX_POINT ( 'NONE', #1215 ) ;
#2216 = CARTESIAN_POINT ( 'NONE',  ( 1.450045898928671528, 4.500000000000000000, -18.50000000000001066 ) ) ;
#2217 = ORIENTED_EDGE ( 'NONE', *, *, #994, .F. ) ;
#2218 = ORIENTED_EDGE ( 'NONE', *, *, #2324, .T. ) ;
#2219 = EDGE_CURVE ( 'NONE', #1212, #1901, #1884, .T. ) ;
#2220 = DIRECTION ( 'NONE',  ( 0.000000000000000000, 0.000000000000000000, 1.000000000000000000 ) ) ;
#2221 = LINE ( 'NONE', #233, #498 ) ;
#2222 = EDGE_LOOP ( 'NONE', ( #1184, #1484, #514, #1723, #1022, #1715, #1986, #1639 ) ) ;
#2223 = EDGE_LOOP ( 'NONE', ( #1420, #1110, #328, #1286 ) ) ;
#2224 = FACE_OUTER_BOUND ( 'NONE', #197, .T. ) ;
#2225 = DIRECTION ( 'NONE',  ( 0.000000000000000000, 1.000000000000000000, 0.000000000000000000 ) ) ;
#2226 = VECTOR ( 'NONE', #1652, 1000.000000000000000 ) ;
#2227 = VERTEX_POINT ( 'NONE', #156 ) ;
#2228 = CARTESIAN_POINT ( 'NONE',  ( 1.450045898928671528, 4.500000000000000000, 18.49999999999998934 ) ) ;
#2229 = VERTEX_POINT ( 'NONE', #1513 ) ;
#2230 = CIRCLE ( 'NONE', #695, 3.000000000000002665 ) ;
#2231 = ADVANCED_FACE ( 'NONE', ( #981 ), #1708, .F. ) ;
#2232 = DIRECTION ( 'NONE',  ( 0.000000000000000000, 0.000000000000000000, 1.000000000000000000 ) ) ;
#2233 = CARTESIAN_POINT ( 'NONE',  ( -89.95004589892869262, 4.500000000000000000, -14.00000000000001243 ) ) ;
#2234 = VERTEX_POINT ( 'NONE', #1599 ) ;
#2235 = CARTESIAN_POINT ( 'NONE',  ( 1.450045898928671528, 4.500000000000000000, 14.99999999999998757 ) ) ;
#2236 = EDGE_LOOP ( 'NONE', ( #230, #2062, #516, #2253 ) ) ;
#2237 = ORIENTED_EDGE ( 'NONE', *, *, #2082, .T. ) ;
#2238 = DIRECTION ( 'NONE',  ( -0.000000000000000000, -1.000000000000000000, -0.000000000000000000 ) ) ;
#2239 = EDGE_CURVE ( 'NONE', #415, #1572, #911, .T. ) ;
#2240 = LINE ( 'NONE', #1533, #819 ) ;
#2241 = ORIENTED_EDGE ( 'NONE', *, *, #455, .F. ) ;
#2242 = SURFACE_SIDE_STYLE ('',( #1334 ) ) ;
#2243 = ORIENTED_EDGE ( 'NONE', *, *, #27, .T. ) ;
#2244 = CARTESIAN_POINT ( 'NONE',  ( -69.95004589892869262, 4.500000000000000000, -9.500000000000008882 ) ) ;
#2245 = ORIENTED_EDGE ( 'NONE', *, *, #1756, .F. ) ;
#2246 = DIRECTION ( 'NONE',  ( -0.000000000000000000, -0.000000000000000000, 1.000000000000000000 ) ) ;
#2247 = CARTESIAN_POINT ( 'NONE',  ( -85.45004589892870683, 0.000000000000000000, 2.500000000000071498 ) ) ;
#2248 = VERTEX_POINT ( 'NONE', #1448 ) ;
#2249 = VERTEX_POINT ( 'NONE', #1460 ) ;
#2250 = AXIS2_PLACEMENT_3D ( 'NONE', #71, #641, #149 ) ;
#2251 = CIRCLE ( 'NONE', #889, 3.000000000000002665 ) ;
#2252 = LINE ( 'NONE', #1013, #322 ) ;
#2253 = ORIENTED_EDGE ( 'NONE', *, *, #701, .F. ) ;
#2254 = CARTESIAN_POINT ( 'NONE',  ( -1.549954101071351786, 4.500000000000000000, 5.500000000000087930 ) ) ;
#2255 = DIRECTION ( 'NONE',  ( 0.000000000000000000, 1.000000000000000000, 0.000000000000000000 ) ) ;
#2256 = CARTESIAN_POINT ( 'NONE',  ( -77.45004589892870683, 4.500000000000000000, 5.500000000000087930 ) ) ;
#2257 = EDGE_CURVE ( 'NONE', #243, #380, #2312, .T. ) ;
#2258 = ORIENTED_EDGE ( 'NONE', *, *, #416, .T. ) ;
#2259 = DIRECTION ( 'NONE',  ( -0.000000000000000000, -1.000000000000000000, -0.000000000000000000 ) ) ;
#2260 = FACE_OUTER_BOUND ( 'NONE', #254, .T. ) ;
#2261 = VERTEX_POINT ( 'NONE', #1089 ) ;
#2262 = ORIENTED_EDGE ( 'NONE', *, *, #722, .F. ) ;
#2263 = DIRECTION ( 'NONE',  ( 0.000000000000000000, 0.000000000000000000, 1.000000000000000000 ) ) ;
#2264 = EDGE_CURVE ( 'NONE', #597, #1819, #2144, .T. ) ;
#2265 = CARTESIAN_POINT ( 'NONE',  ( -82.45004589892867841, 0.000000000000000000, -5.500000000000018652 ) ) ;
#2266 = ORIENTED_EDGE ( 'NONE', *, *, #440, .F. ) ;
#2267 = CARTESIAN_POINT ( 'NONE',  ( -89.95004589892869262, 4.500000000000000000, -9.500000000000015987 ) ) ;
#2268 = DIRECTION ( 'NONE',  ( -0.000000000000000000, -1.000000000000000000, -0.000000000000000000 ) ) ;
#2269 = SURFACE_STYLE_USAGE ( .BOTH. , #2242 ) ;
#2270 = VERTEX_POINT ( 'NONE', #535 ) ;
#2271 = EDGE_CURVE ( 'NONE', #321, #53, #182, .T. ) ;
#2272 = CARTESIAN_POINT ( 'NONE',  ( -89.95004589892869262, 7.500000000000000000, 16.09999999999997655 ) ) ;
#2273 = ORIENTED_EDGE ( 'NONE', *, *, #939, .F. ) ;
#2274 = ORIENTED_EDGE ( 'NONE', *, *, #1729, .F. ) ;
#2275 = EDGE_CURVE ( 'NONE', #2103, #1572, #204, .T. ) ;
#2276 = CYLINDRICAL_SURFACE ( 'NONE', #2116, 3.000000000000002665 ) ;
#2277 = COLOUR_RGB ( '',0.7921568627450980005, 0.8196078431372548767, 0.9333333333333333481 ) ;
#2278 = FACE_OUTER_BOUND ( 'NONE', #708, .T. ) ;
#2279 = CARTESIAN_POINT ( 'NONE',  ( -69.95004589892869262, 4.500000000000000000, 13.99999999999998401 ) ) ;
#2280 = DIRECTION ( 'NONE',  ( 0.000000000000000000, 0.000000000000000000, 1.000000000000000000 ) ) ;
#2281 = EDGE_CURVE ( 'NONE', #238, #895, #2282, .T. ) ;
#2282 = CIRCLE ( 'NONE', #1595, 4.999999999999997335 ) ;
#2283 = LINE ( 'NONE', #1685, #2306 ) ;
#2284 = ORIENTED_EDGE ( 'NONE', *, *, #416, .F. ) ;
#2285 = DIRECTION ( 'NONE',  ( 0.000000000000000000, 0.000000000000000000, -1.000000000000000000 ) ) ;
#2286 = CARTESIAN_POINT ( 'NONE',  ( -1.549954101071331136, 4.500000000000000000, 8.500000000000090594 ) ) ;
#2287 = DIRECTION ( 'NONE',  ( 0.000000000000000000, 0.000000000000000000, -1.000000000000000000 ) ) ;
#2288 = ORIENTED_EDGE ( 'NONE', *, *, #1301, .T. ) ;
#2289 = CARTESIAN_POINT ( 'NONE',  ( 79.31557716302472727, 0.000000000000000000, 5.500000000000102141 ) ) ;
#2290 = AXIS2_PLACEMENT_3D ( 'NONE', #2318, #1413, #1792 ) ;
#2291 = ADVANCED_FACE ( 'NONE', ( #1634 ), #1970, .T. ) ;
#2292 = CYLINDRICAL_SURFACE ( 'NONE', #561, 3.000000000000002665 ) ;
#2293 = ORIENTED_EDGE ( 'NONE', *, *, #509, .F. ) ;
#2294 = EDGE_CURVE ( 'NONE', #1590, #1094, #303, .T. ) ;
#2295 = FACE_OUTER_BOUND ( 'NONE', #935, .T. ) ;
#2296 = ORIENTED_EDGE ( 'NONE', *, *, #1602, .F. ) ;
#2297 = DIRECTION ( 'NONE',  ( 1.000000000000000000, 0.000000000000000000, 0.000000000000000000 ) ) ;
#2298 = EDGE_LOOP ( 'NONE', ( #774, #78, #508, #1500 ) ) ;
#2299 = FACE_OUTER_BOUND ( 'NONE', #1174, .T. ) ;
#2300 = EDGE_CURVE ( 'NONE', #222, #590, #878, .T. ) ;
#2301 = EDGE_CURVE ( 'NONE', #1746, #1377, #1803, .T. ) ;
#2302 = PLANE ( 'NONE',  #617 ) ;
#2303 = AXIS2_PLACEMENT_3D ( 'NONE', #2233, #1538, #1323 ) ;
#2304 = ORIENTED_EDGE ( 'NONE', *, *, #1106, .T. ) ;
#2305 = FACE_OUTER_BOUND ( 'NONE', #89, .T. ) ;
#2306 = VECTOR ( 'NONE', #1507, 1000.000000000000000 ) ;
#2307 = CARTESIAN_POINT ( 'NONE',  ( 1.450045898928671528, 4.500000000000000000, -13.50000000000001243 ) ) ;
#2308 = CARTESIAN_POINT ( 'NONE',  ( 9.450045898928692623, 4.500000000000000000, -8.500000000000035527 ) ) ;
#2309 = VECTOR ( 'NONE', #513, 1000.000000000000000 ) ;
#2310 = EDGE_CURVE ( 'NONE', #1778, #2121, #1929, .T. ) ;
#2311 = CARTESIAN_POINT ( 'NONE',  ( -89.95004589892869262, 7.500000000000000000, 11.89999999999999325 ) ) ;
#2312 = CIRCLE ( 'NONE', #1295, 2.099999999999990763 ) ;
#2313 = VERTEX_POINT ( 'NONE', #569 ) ;
#2314 = ORIENTED_EDGE ( 'NONE', *, *, #346, .T. ) ;
#2315 = EDGE_CURVE ( 'NONE', #2234, #590, #1959, .T. ) ;
#2316 = DIRECTION ( 'NONE',  ( 0.000000000000000000, 0.000000000000000000, -1.000000000000000000 ) ) ;
#2317 = DIRECTION ( 'NONE',  ( -0.000000000000000000, -1.000000000000000000, -0.000000000000000000 ) ) ;
#2318 = CARTESIAN_POINT ( 'NONE',  ( -69.95004589892869262, 0.000000000000000000, -14.00000000000001243 ) ) ;
#2319 = AXIS2_PLACEMENT_3D ( 'NONE', #1122, #1849, #616 ) ;
#2320 = DIRECTION ( 'NONE',  ( -0.000000000000000000, -1.000000000000000000, -0.000000000000000000 ) ) ;
#2321 = CIRCLE ( 'NONE', #412, 5.000000000000024869 ) ;
#2322 = VECTOR ( 'NONE', #799, 1000.000000000000000 ) ;
#2323 = AXIS2_PLACEMENT_3D ( 'NONE', #766, #1481, #1300 ) ;
#2324 = EDGE_CURVE ( 'NONE', #1628, #415, #318, .T. ) ;
#2325 = ORIENTED_EDGE ( 'NONE', *, *, #266, .T. ) ;
ENDSEC;
END-ISO-10303-21;
